<?xml version="1.0"?>
<BaseConfigInfo xmlns:xsi="http://www.w3.org/2001/XMLSchema-instance" xmlns:xsd="http://www.w3.org/2001/XMLSchema">
  <NextEndHtmlUrl>/files/article/html/{NovelId/1000}/{NovelId}/index.html</NextEndHtmlUrl>
  <BadWords>做爱|性爱|性交|性事|性游戏|性高潮|性欲|色欲|情欲|情色|少女高潮|X夜激情|失身|春宵|轮奸|AV女优|SM|绳虐|叫床|赤裸|裸体|波波|声色场所|两性狂情|隐私|热辣|干柴烈火|高潮|云雨|销魂|乳房|巨波|调情|欲望|插伸|伸插|抽插|国防资料|江泽民|刘少奇|毛主席|毛泽东|法轮功|胡锦涛|李先念|林彪|天安门|政治风波|反民主|反政府|政府软弱|政府无能|回民暴动|上海交大|九评|暴力拆迁轮暴致死|对日强硬|人民报|暴力镇压|301医院|陈水扁|达赖|明慧|退党|天安门事件|极景|美国之音|活体|民主评论|干子弟名单|迷魂|迷奸|三唑仑|法轮功|学院暴动|共产党|共產黨|共铲党|非典|腐败|人祸|fa轮功|禁书|肉棍|阴道|阴户|阴唇|淫靡|淫水|阴茎|乱伦|手淫|做鸡|口交|法轮大法|李洪志|大法弟子|大纪元|真善忍|六合|共产主义|六四事件|中共|反共|台独|达赖|反华|罗干|专制|江主席|温家宝|乳头|豪乳|玉乳|抽叉|胴体|乳尖|乳蕾|肉峰|玉腿|乳球|乳香|肉峰|下身秘处|法轮功|李洪志|大纪元|新唐人|肉棍淫靡|淫水|六四事件|三唑仑|帝国之梦|毛一鲜|黎阳评|鬼村|军长发威|恶搞晚会|反华|升达|戴海静|自杀指南|自杀手册|张小平|子女任职名单|天鹅之旅|盘古乐队|高校暴乱|群体事件|大学骚乱|高校骚乱|疆独|藏独|高干子弟|高干子女|反政府|特码|反共|换妻|本拉登|地下先烈|领导财产公示|GPS预警器|毛主席复活|二奶大赛|全国二奶|死亡笔记|死亡日志|色情电视|宋平顺|四种当|江姐问|董存瑞问|吴琼花问|拉登熟知中国|淫书|淫奸|淫乱|成人激情|同居社区|淫虫|广安事件|炒股国歌|素女|裸体|乱伦|嫖妓|嫖鸡|小穴|淫魔|做鸡|口交|性虐待|包娃衣|耽美|反中游行|中国断交|大规模游行|中国政治力量|
政府禁令|17大|16大|十七大|十六大|反共|国军|共狗|发伦|发轮|发论|法愣|法抡|法仑|发正念|法lun功|法功|抡功|伦功|轮大|轮功|氵去|氵去车仑工力|法輪|法論|falundafa|falun|法轮功|法論功|法　轮功|法　轮　功|法 論 功|法 論功|炼好法论功|鍊好法論功法轮功不是邪教|法論功不是邪教|法轮大法|法論大法|李洪志师傅|李洪志|李洪志是神|李洪志是救世主|西藏要人权|西藏要人權|西藏要独立|西藏要獨立|共产党独裁|共產黨獨裁|打倒共产党|打倒共產黨|达赖|大法弟子|大纪元\|chinaliberal|chinamz|chinesenewsnet|creaders|dafa|falu|freechina|freenet|huanet|hypermart.net|renminbao|renmingbao|zhuanfalun|八九|陈希同|北京之春|陈小同|陈宣良|陈一谘|陈总统|春夏自由论坛|大法|大中国论坛|大中华论坛|大家论坛|大众真人真事|法十轮十功|法谪|法谪功|反封锁|反封锁技术|反腐败论坛|方励之|方舟子|飞扬论坛|工自联|高自联|共狗|胡紧掏|胡锦滔|胡锦淘|胡景涛|胡平|胡总书记|华通时事论坛|华夏文摘|华语世界论坛|华岳时事论坛|江core|江ze民|江八点|江流氓|江青|江戏子|江则民|江泽慧|江贼|江贼民|江折民|江猪|江猪媳|江主席|姜春云|将则民|酱猪媳|讲法|李红痔|李宏志|李洪宽|李岚清|廉政大论坛|两岸三地论坛|美国参考|美国之音|蒙独|蒙古独|蒙古独立|民意论坛|南大自由论坛|你说我说论坛|热站政论网|人民之声论坛|数据中国|神通加持法|世界经济导报|人民内情真相|台湾建国运动组织|台湾青年独立联盟|台湾政论区|台湾自由联盟|魏京生|魏新生|尔开希|择民|贼民|真善忍|谢选骏|谢中之|辛灏年|徐邦秦|徐匡迪|徐水良|许家屯|新华举报|新华内情|新华通论坛|新疆独|新生网|新闻封锁|新语丝|张宏堡|张健|张林|张伟国|张昭富|张志清|赵海青|赵南|赵品潞|赵晓微|赵紫阳|哲民|争鸣论坛|正见网|正义党论坛|郑义|郑源|中国社会进步党|中国真实内容|中国之春|中华讲清|中华真实报道|朱溶剂|指点江山论坛|毛贼东|四川独立|自焚|性交|龟头|欲女|巨乳|阳具|大b|大逼|二B|二逼|狗b|狗操|鸡八|鸡巴|鸡吧|贱逼|贱比|烂逼|烂比|妈批|卖逼|卖比|密穴|蜜穴|群奸|阴水|淫穴|幼齿|颜射|阴丘|阴唇|肉棒|肉洞|肉核|大乳|性爱|性交|淫态|舔吮|乳房|硬梆梆|湿淋淋|操你妈|肏|屌|滥交|浪叫|乳香|奶子|鸡鸡|乱伦|JJ|口交|高潮|手淫|双乳|肉体|阴阜|骚货|淫娃|骚穴|肉棍|浪穴|淫贱|fuck|shit|朱蒙|玉乳|雪乳|爱液|肉棍|淫靡三唑仑|新唐人|迷奸|疆独|换妻|玉臀</BadWords>
  <BadwordsReplaceImages>
    <string>高潮|高氵朝</string>
  </BadwordsReplaceImages>
  <CenterText>测试图片行间水印|测试图片行间水印</CenterText>
  <CoverDir />
  <CoverUrl />
  <CustomCover>true</CustomCover>
  <CustomRealTxt>true</CustomRealTxt>
  <DelFtpImage>false</DelFtpImage>
  <EBookFoot />
  <EBookHead />
  <FilterNovelName />
  <CreateOPF>true</CreateOPF>
  <CustomHtmlTemplets>false</CustomHtmlTemplets>
  <CustomCreatePath>false</CustomCreatePath>
  <ImageUrl />
  <IndexHtml>false</IndexHtml>
  <IndexHtmlDir>{WebSitePath}\{LagerSortId}\{NovelId/1000}\{NovelId}\index.html</IndexHtmlDir>
  <IndexHtmlTemplets />
  <ChapterHtml>false</ChapterHtml>
  <ChapterHtmlDir>{WebSitePath}\{LagerSortId}\{NovelId/1000}\{NovelId}\{ChapterId}.html</ChapterHtmlDir>
  <ChapterHtmlTemplets />
  <ChapterSize>999999</ChapterSize>
  <CreateAllTxt>false</CreateAllTxt>
  <CreateAllTxtDir />
  <CreateAllZip>false</CreateAllZip>
  <CreateAllZipDir />
  <CreateCode>false</CreateCode>
  <CreateCodeDir />
  <OpfDir>{WebSitePath}\files\article\txt\{NovelId/1000}\{NovelId}\index.opf</OpfDir>
  <OpfUrl />
  <RealTxtDir>{WebSitePath}\files\article\txt\{NovelId/1000}\{NovelId}\{ChapterId}.txt</RealTxtDir>
  <RealTxtUrl />
  <ReplaceBadWords>**</ReplaceBadWords>
  <SelectLog>,0,21,101,102,120,121,122,124,125,130,131,132,134,135,136,137,200,210,214,220,410,420,430,440,441,442,</SelectLog>
  <TextMarkOfArrayText>
    <string />
  </TextMarkOfArrayText>
  <TextMarkOfBottom />
  <TextMarkOfData>false</TextMarkOfData>
  <TextMarkOfEBook>false</TextMarkOfEBook>
  <TextMarkOfHtml>false</TextMarkOfHtml>
  <TextMarkOfNumber>3</TextMarkOfNumber>
  <TextMarkOfTop />
  <TextMarkOfVulmeName>
    <string />
  </TextMarkOfVulmeName>
  <LicenseTime>2000-01-01T00:00:00</LicenseTime>
  <LicenseAd>警告：本软件只用于代替手工劳动操作互联网文本转移，不具有针对任何站点入侵、攻击等功能，请妥当使用本软件。请严格遵守我们相关互联网版权的法律法规，尊重发表人合法权益，切勿使用本软件损害他人合法权益。</LicenseAd>
  <LicenseOk>true</LicenseOk>
  <LicenseVip>false</LicenseVip>
  <TextToImage>false</TextToImage>
  <TextToImageFont>幼圆|15</TextToImageFont>
  <TextToImagePage>300</TextToImagePage>
  <TextToImageMax>300</TextToImageMax>
  <TextToImageWidth>1024</TextToImageWidth>
  <TextToImageAll>10</TextToImageAll>
  <TextToImageNum>2</TextToImageNum>
  <TextToImageVolume>
    <string />
  </TextToImageVolume>
  <TextToImageText>
    <string>（请牢记我们的网址www.jieqi.pw）</string>
    <string>（本书由www.jieqi.pw首发，请勿随意转载）</string>
  </TextToImageText>
  <TuijianType>后台推荐</TuijianType>
  <TuijianTemplates>&lt;li&gt;&lt;a target="_blank" href="{NovelUrl}" title="{NovelTitle}"&gt;&lt;span&gt;{NovelTitle}&lt;/span&gt;&lt;/a&gt;&lt;/li&gt;</TuijianTemplates>
  <NewAntiCollectNum>0</NewAntiCollectNum>
  <OnAntiCollectNum>0</OnAntiCollectNum>
  <ChapterNeighbor>5</ChapterNeighbor>
  <ChapterPagingNum>0</ChapterPagingNum>
  <ChapterTuijian>6</ChapterTuijian>
  <CmsVersion>1.7</CmsVersion>
  <CmsEncoding>gbk</CmsEncoding>
  <ConnectionString>Data Source=127.0.0.1;Database=数据库;User ID=数据库;Password=数据库密码;port=3306;charset=gbk</ConnectionString>
  <Debug>false</Debug>
  <DefaultLagerSort>其他小说</DefaultLagerSort>
  <DefaultLagerSortID>7</DefaultLagerSortID>
  <DefaultSmallSort>其他小说</DefaultSmallSort>
  <DefaultSmallSortID>7</DefaultSmallSortID>
  <DefaultVolumeName />
  <DonotUserDefaultLagerSort>true</DonotUserDefaultLagerSort>
  <DonotUserDefaultSmallSort>true</DonotUserDefaultSmallSort>
  <HttpTimeOut>25</HttpTimeOut>
  <HttpUserAgent>Baiduspider+(+http://www.baidu.com/search/spider.htm)</HttpUserAgent>
  <IndexAntiCollectNum>0</IndexAntiCollectNum>
  <IndexNeighbor>5</IndexNeighbor>
  <IndexTuijian>6</IndexTuijian>
  <InternalLinkUrl>/{NovelId/1000}/{NovelId}/</InternalLinkUrl>
  <LagerSortCorresponding>1|玄幻魔法=,玄幻小说,玄幻奇幻,玄幻魔法,玄幻,奇幻,魔法,魔幻,玄幻魔法,奇幻玄幻,玄幻·魔幻,玄幻异界,东方玄幻,异世大陆,王朝争霸,高武世界,现代魔法,剑与魔法,史诗奇幻,黑暗幻想,历史神话,另类幻想,西方奇幻,远古神话,异族恋情,魔法幻情,异能超术,玄幻魔法,魔法,异陆,奇幻,奇幻-异界幻想,奇幻-仙侠情缘,奇幻-妖精灵怪,奇幻-西方魔幻,奇幻-吸血家族,奇幻小说,奇幻魔法,异界大陆,异界争霸,亡灵异族,魔法校园,异世争霸,东方奇幻,西方魔幻,异界幻想,妖精灵怪,吸血家族,魔幻传奇,东方传奇,上古神话,吸血传奇,异能奇术,魔法玄幻,魔幻,玄幻·魔幻,玄幻.奇幻,异能,奇魔玄幻,♂2|武侠修真=,修真小说,武侠仙侠,武侠修真,武侠,仙侠,武侠小说,仙侠武侠,修真,仙侠小说,仙侠修真,传统武侠,武侠幻想,国术无双,古武未来,武侠同人,修真文明,幻想修仙,现代修真,神话修真,古典仙侠,武侠情缘,远古洪荒,仙侣奇缘,仙侠情缘,武侠-江湖风云,武侠-历史武侠,仙侠幻情,修真武侠,仙侠奇缘,新派武侠,国术武技,奇幻修真,洪荒封神,现代异侠,国术古武,浪子异侠,仙侠奇幻,江湖风云,历史武侠,♂3|都市言情=,都市小说,都市言情,都市,言情,言情小说,现代都市,都市异能,浪漫言情,都市.生活,言情.校园,都市生活,青春校园,娱乐明星,商战职场,社会乡土,生活时尚,文学艺术,成功励志,青春文学,现实百态,行业人生,人文博览,古代情缘,穿越奇情,西方时空,清穿民国,热血江湖,豪门世家,极道江湖,民国情缘,异国情缘,古言,现言,幻情,青春,现实,变身情缘,都市-乡间情事,都市-豪门恩怨,都市-黑白两道,乡间情事,现代言情,言情小本,耽美言情,都市激战,耽美,校园异能,商业大亨,校园风云,热血青春,都市情感,职场励志,热血都市,职场商战,校园生活,都市情缘,都市青春,台湾言情,校园,都市现代,综合言情,浪漫青春,爱情,豪门总裁,爱情婚姻,宫闱宅斗,古典架空,女尊王朝,婚恋情缘,纯爱耽美,职场婚姻,女频小说,女频,民国旧影,种田养成,古典浪漫,宫斗宅斗,总裁豪门,女尊天下,玄幻女强,婚姻家庭,情感天地,白领职场,宫廷争斗,热血风云,成长宠文,青春纯爱,贵爵爱恋,叛逆成长,青春疼痛,异世学院,古言架空,婚恋情感,女生纯爱,妖精幻想,女主玄幻,,情感,都市总裁,原生幻想,恋爱日常,古代言情,校园言情,魔法言情,港台言情,女生频道,美文,同人,美文小说,同人小说,女生,女生小说,美文同人,女频耽美,♂4|历史穿越=,穿越小说,历史军事,历史,军事,历史小说,军事小说,架空,军事历史,架空历史,社会.历史,军旅生涯,军事战争,战争幻想,抗战烽火,谍战特工,秦汉三国,上古先秦,历史传记,两晋隋唐,五代十国,两宋元明,清史民国,外国历史,民间传说,官场沉浮,官场风云,官场小说,官场职场,战争,历史架空,历史传奇,战史风云,特种军旅,特种,军史穿越,历史穿越,穿越,穿越架空,穿越时空,转世重生,穿越重生,种田重生,都市重生,重生文学,♂5|网游小说=,网游小说,网游动漫,网游竞技,竞技小说,网游,竞技,动漫,动漫小说,游戏,游戏竞技,电子竞技,虚拟网游,游戏异界,游戏系统,游戏主播,篮球运动,体育赛事,足球运动,网游情缘,体育竞技,科幻-虚拟网游,游戏生涯,弈林春秋,篮球风云,天下足球,棋牌桌游,热血运动,空间网游,游戏攻略,游戏小说,游戏评论,游戏设定,竞技网游,♂6|科幻小说=,科幻小说,科幻灵异,科幻,军事科幻,异术超能,异小说,古武机甲,未来世界,星际文明,超级科技,时空穿梭,进化变异,末世危机,星际恋歌,探索科幻,科幻-未来世界,星际战争,未来幻想,科幻末世,科幻机甲,星际争霸,科技时代,末世小说,穿梭时空,科幻未来,科幻世界,科幻游戏,恐怖灵异,灵异,灵异小说,恐怖,恐怖小说,灵异恐怖,恐怖科幻,恐怖.奇幻,♂7|其他小说=,其他小说,其他类型,名家,名著,其他,财经,生活,社科,社会百态,乡土小说,乡村乡土,少年韶华,童话幻想,似水流年,剧本,诗歌散文,人物传记,影视剧本,评论文集,生活随笔,美文游记,短篇小说,短篇,轻小说,短篇文学,美文名著,其它分类,美文散文,经典美文,衍生同人,搞笑吐槽,同人衍生,唯美幻想,萌系变身,古典衍生,影视衍生,动漫衍生,其他衍生,家与情感,领土贵族,领主贵族,同人次元,经商种田,</LagerSortCorresponding>
  <LogType>1</LogType>
  <NullChapter>2015代码优化：程序动态载入全部改为静态类，大大降低了CPU使用频率。 
2015新增功能介绍：新增自动修复错误功能，无人值守修复错误。动态代理ip，不怕封ip了，生成带分页的章节，可以采集带分页的章节，全站自定义路径，功能多多，不一一介绍。 
完美支持1.8系统，新增自动获取代理ip，采集邮件报告（推荐qq邮箱，用手机就可以看到采集情况）。 
2015高级授权功能介绍：SEO（邻居列表，推荐书籍列表），采集方面（章节自动修复，无视一切防采集，无需配合php列表外挂，自动修复章节名称），防采集方面（生成自定义虚拟章节）。 
2015新增工具介绍：超级自动修复，全站生成html。</NullChapter>
  <NumOrPinyin>数字ID目录</NumOrPinyin>
  <NumOrPinyinDir>{NovelId/1000}/{NovelId}</NumOrPinyinDir>
  <OpenNullChapter>false</OpenNullChapter>
  <PrevNextPageSuffix>后台默认</PrevNextPageSuffix>
  <SerialServer>http://gg.adminwin.com</SerialServer>
  <SizeNullChapter>100</SizeNullChapter>
  <SmallSortCorresponding>1|玄幻魔法=,玄幻小说,玄幻奇幻,玄幻魔法,玄幻,奇幻,魔法,魔幻,玄幻魔法,奇幻玄幻,玄幻·魔幻,玄幻异界,东方玄幻,异世大陆,王朝争霸,高武世界,现代魔法,剑与魔法,史诗奇幻,黑暗幻想,历史神话,另类幻想,西方奇幻,远古神话,异族恋情,魔法幻情,异能超术,玄幻魔法,魔法,异陆,奇幻,奇幻-异界幻想,奇幻-仙侠情缘,奇幻-妖精灵怪,奇幻-西方魔幻,奇幻-吸血家族,奇幻小说,奇幻魔法,异界大陆,异界争霸,亡灵异族,魔法校园,异世争霸,东方奇幻,西方魔幻,异界幻想,妖精灵怪,吸血家族,魔幻传奇,东方传奇,上古神话,吸血传奇,异能奇术,魔法玄幻,魔幻,玄幻·魔幻,玄幻.奇幻,异能,奇魔玄幻,♂2|武侠修真=,修真小说,武侠仙侠,武侠修真,武侠,仙侠,武侠小说,仙侠武侠,修真,仙侠小说,仙侠修真,传统武侠,武侠幻想,国术无双,古武未来,武侠同人,修真文明,幻想修仙,现代修真,神话修真,古典仙侠,武侠情缘,远古洪荒,仙侣奇缘,仙侠情缘,武侠-江湖风云,武侠-历史武侠,仙侠幻情,修真武侠,仙侠奇缘,新派武侠,国术武技,奇幻修真,洪荒封神,现代异侠,国术古武,浪子异侠,仙侠奇幻,江湖风云,历史武侠,♂3|都市言情=,都市小说,都市言情,都市,言情,言情小说,现代都市,都市异能,浪漫言情,都市.生活,言情.校园,都市生活,青春校园,娱乐明星,商战职场,社会乡土,生活时尚,文学艺术,成功励志,青春文学,现实百态,行业人生,人文博览,古代情缘,穿越奇情,西方时空,清穿民国,热血江湖,豪门世家,极道江湖,民国情缘,异国情缘,古言,现言,幻情,青春,现实,变身情缘,都市-乡间情事,都市-豪门恩怨,都市-黑白两道,乡间情事,现代言情,言情小本,耽美言情,都市激战,耽美,校园异能,商业大亨,校园风云,热血青春,都市情感,职场励志,热血都市,职场商战,校园生活,都市情缘,都市青春,台湾言情,校园,都市现代,综合言情,浪漫青春,爱情,豪门总裁,爱情婚姻,宫闱宅斗,古典架空,女尊王朝,婚恋情缘,纯爱耽美,职场婚姻,女频小说,女频,民国旧影,种田养成,古典浪漫,宫斗宅斗,总裁豪门,女尊天下,玄幻女强,婚姻家庭,情感天地,白领职场,宫廷争斗,热血风云,成长宠文,青春纯爱,贵爵爱恋,叛逆成长,青春疼痛,异世学院,古言架空,婚恋情感,女生纯爱,妖精幻想,女主玄幻,,情感,都市总裁,原生幻想,恋爱日常,古代言情,校园言情,魔法言情,港台言情,女生频道,美文,同人,美文小说,同人小说,女生,女生小说,美文同人,女频耽美,♂4|历史穿越=,穿越小说,历史军事,历史,军事,历史小说,军事小说,架空,军事历史,架空历史,社会.历史,军旅生涯,军事战争,战争幻想,抗战烽火,谍战特工,秦汉三国,上古先秦,历史传记,两晋隋唐,五代十国,两宋元明,清史民国,外国历史,民间传说,官场沉浮,官场风云,官场小说,官场职场,战争,历史架空,历史传奇,战史风云,特种军旅,特种,军史穿越,历史穿越,穿越,穿越架空,穿越时空,转世重生,穿越重生,种田重生,都市重生,重生文学,♂5|网游小说=,网游小说,网游动漫,网游竞技,竞技小说,网游,竞技,动漫,动漫小说,游戏,游戏竞技,电子竞技,虚拟网游,游戏异界,游戏系统,游戏主播,篮球运动,体育赛事,足球运动,网游情缘,体育竞技,科幻-虚拟网游,游戏生涯,弈林春秋,篮球风云,天下足球,棋牌桌游,热血运动,空间网游,游戏攻略,游戏小说,游戏评论,游戏设定,竞技网游,♂6|科幻小说=,科幻小说,科幻灵异,科幻,军事科幻,异术超能,异小说,古武机甲,未来世界,星际文明,超级科技,时空穿梭,进化变异,末世危机,星际恋歌,探索科幻,科幻-未来世界,星际战争,未来幻想,科幻末世,科幻机甲,星际争霸,科技时代,末世小说,穿梭时空,科幻未来,科幻世界,科幻游戏,恐怖灵异,灵异,灵异小说,恐怖,恐怖小说,灵异恐怖,恐怖科幻,恐怖.奇幻,♂7|其他小说=,其他小说,其他类型,名家,名著,其他,财经,生活,社科,社会百态,乡土小说,乡村乡土,少年韶华,童话幻想,似水流年,剧本,诗歌散文,人物传记,影视剧本,评论文集,生活随笔,美文游记,短篇小说,短篇,轻小说,短篇文学,美文名著,其它分类,美文散文,经典美文,衍生同人,搞笑吐槽,同人衍生,唯美幻想,萌系变身,古典衍生,影视衍生,动漫衍生,其他衍生,家与情感,领土贵族,领主贵族,同人次元,经商种田,</SmallSortCorresponding>
  <sqliteTime>1</sqliteTime>
  <WapSiteCode>http://m.book.com/book/{NovelId/1000}/{NovelId}/index.html</WapSiteCode>
  <WebSiteName>51</WebSiteName>
  <WebSitePath>D:\wwwroot\xiaoshuo</WebSitePath>
  <MailSmtp>smtp.126.com</MailSmtp>
  <MailUser>xxxxxx@126.com</MailUser>
  <MailPass>xxxxxxxx</MailPass>
  <MailTimeNum>180</MailTimeNum>
  <MailTitle />
  <UpdateDefaultUrls>
    <string />
  </UpdateDefaultUrls>
</BaseConfigInfo>