﻿<?xml version="1.0"?>
<RuleConfigInfo xmlns:xsi="http://www.w3.org/2001/XMLSchema-instance" xmlns:xsd="http://www.w3.org/2001/XMLSchema">
  <RuleVersion>
    <FilterPattern />
    <Method>Match</Method>
    <Options>None</Options>
    <Pattern>笔趣阁</Pattern>
    <RegexName>RuleVersion</RegexName>
  </RuleVersion>
  <RuleID>
    <FilterPattern />
    <Method>Match</Method>
    <Options>None</Options>
    <Pattern>36</Pattern>
    <RegexName>RuleID</RegexName>
  </RuleID>
  <GetSiteName>
    <FilterPattern />
    <Method>Match</Method>
    <Options>None</Options>
    <Pattern>笔趣阁</Pattern>
    <RegexName>GetSiteName</RegexName>
  </GetSiteName>
  <GetSiteCharset>
    <FilterPattern />
    <Method>Match</Method>
    <Options>None</Options>
    <Pattern>gbk</Pattern>
    <RegexName>GetSiteCharset</RegexName>
  </GetSiteCharset>
  <GetSiteUrl>
    <FilterPattern />
    <Method>Match</Method>
    <Options>None</Options>
    <Pattern>http://www.biquge.la/</Pattern>
    <RegexName>GetSiteUrl</RegexName>
  </GetSiteUrl>
  <NovelSearchUrl>
    <FilterPattern />
    <Method>Match</Method>
    <Options>None</Options>
    <Pattern>http://www.biquge.la/modules/article/search.php</Pattern>
    <RegexName>NovelSearchUrl</RegexName>
  </NovelSearchUrl>
  <NovelSearchData>
    <FilterPattern />
    <Method>Match</Method>
    <Options>None</Options>
    <Pattern>searchkey={SearchKey}</Pattern>
    <RegexName>NovelSearchData</RegexName>
  </NovelSearchData>
  <NovelSearch_GetNovelKey>
    <FilterPattern />
    <Method>Match</Method>
    <Options>IgnoreCase</Options>
    <Pattern>var bookid = "(\d*)"; var booktitle = "{SearchKey}";&lt;/script&gt;</Pattern>
    <RegexName>NovelSearch_GetNovelKey</RegexName>
  </NovelSearch_GetNovelKey>
  <NovelListUrl>
    <FilterPattern />
    <Method>Match</Method>
    <Options>None</Options>
    <Pattern>http://www.biquge.la</Pattern>
    <RegexName>NovelListUrl</RegexName>
  </NovelListUrl>
  <NovelListFilter>
    <FilterPattern />
    <Method>Match</Method>
    <Options>None</Options>
    <Pattern />
    <RegexName>NovelListFilter</RegexName>
  </NovelListFilter>
  <NovelList_GetNovelKey>
    <FilterPattern />
    <Method>Match</Method>
    <Options>None</Options>
    <Pattern>&lt;span class="s1"&gt;.+?&lt;/span&gt;&lt;span class="s2"&gt;&lt;a href="/book/(\d*)/" target="_blank"&gt;(.+?)&lt;/a&gt;</Pattern>
    <RegexName>NovelList_GetNovelKey</RegexName>
  </NovelList_GetNovelKey>
  <NovelUrl>
    <FilterPattern />
    <Method>Match</Method>
    <Options>None</Options>
    <Pattern>http://www.biquge.la/book/{NovelKey}/</Pattern>
    <RegexName>NovelUrl</RegexName>
  </NovelUrl>
  <NovelErr>
    <FilterPattern />
    <Method>Match</Method>
    <Options>None</Options>
    <Pattern>对不起，该文章不存在</Pattern>
    <RegexName>NovelErr</RegexName>
  </NovelErr>
  <NovelName>
    <FilterPattern />
    <Method>Match</Method>
    <Options>None</Options>
    <Pattern>&lt;h1&gt;(.+?)&lt;/h1&gt;</Pattern>
    <RegexName>NovelName</RegexName>
  </NovelName>
  <NovelAuthor>
    <FilterPattern />
    <Method>Match</Method>
    <Options>None</Options>
    <Pattern>作&amp;nbsp;&amp;nbsp;&amp;nbsp;&amp;nbsp;者：(.+?)&lt;/p&gt;</Pattern>
    <RegexName>NovelAuthor</RegexName>
  </NovelAuthor>
  <LagerSort>
    <FilterPattern />
    <Method>Match</Method>
    <Options>None</Options>
    <Pattern>&lt;a href="/"&gt;笔趣阁&lt;/a&gt; &amp;gt; (.+?) &amp;gt;</Pattern>
    <RegexName>LagerSort</RegexName>
  </LagerSort>
  <SmallSort>
    <FilterPattern />
    <Method>Match</Method>
    <Options>None</Options>
    <Pattern>&lt;a href="/"&gt;笔趣阁&lt;/a&gt; &amp;gt; (.+?) &amp;gt;</Pattern>
    <RegexName>SmallSort</RegexName>
  </SmallSort>
  <NovelIntro>
    <FilterPattern>&lt;/p&gt;|&lt;/td&gt;
&lt;/p&gt;
\&amp;lt;/p\&amp;gt;
&lt;p&gt;</FilterPattern>
    <Method>Match</Method>
    <Options>None</Options>
    <Pattern>&lt;div id="intro"&gt;((.|\n)+?)&lt;/div&gt;</Pattern>
    <RegexName>NovelIntro</RegexName>
  </NovelIntro>
  <NovelKeyword>
    <FilterPattern />
    <Method>Match</Method>
    <Options>None</Options>
    <Pattern />
    <RegexName>NovelKeyword</RegexName>
  </NovelKeyword>
  <NovelDegree>
    <FilterPattern>b♂连载中</FilterPattern>
    <Method>Match</Method>
    <Options>None</Options>
    <Pattern>width="120" height="150" /&gt;&lt;span class="(.+?)"&gt;</Pattern>
    <RegexName>NovelDegree</RegexName>
  </NovelDegree>
  <NovelCover>
    <FilterPattern />
    <Method>Match</Method>
    <Options>None</Options>
    <Pattern>&lt;div id="fmimg"&gt;&lt;img alt=".+?" src="(.+?)" width="120" height="150" /&gt;</Pattern>
    <RegexName>NovelCover</RegexName>
  </NovelCover>
  <NovelDefaultCoverUrl>
    <FilterPattern />
    <Method>Match</Method>
    <Options>None</Options>
    <Pattern />
    <RegexName>NovelDefaultCoverUrl</RegexName>
  </NovelDefaultCoverUrl>
  <NovelInfo_GetNovelPubKey>
    <FilterPattern />
    <Method>Match</Method>
    <Options>None</Options>
    <Pattern />
    <RegexName>NovelInfo_GetNovelPubKey</RegexName>
  </NovelInfo_GetNovelPubKey>
  <PubCookies>
    <FilterPattern />
    <Method>Match</Method>
    <Options>None</Options>
    <Pattern />
    <RegexName>PubCookies</RegexName>
  </PubCookies>
  <PubIndexUrl>
    <FilterPattern />
    <Method>Match</Method>
    <Options>None</Options>
    <Pattern>http://www.biquge.la/book/{NovelKey}/</Pattern>
    <RegexName>PubIndexUrl</RegexName>
  </PubIndexUrl>
  <PubIndexErr>
    <FilterPattern />
    <Method>Match</Method>
    <Options>None</Options>
    <Pattern>无法找到该页</Pattern>
    <RegexName>PubIndexErr</RegexName>
  </PubIndexErr>
  <PubVolumeContent>
    <FilterPattern />
    <Method>Match</Method>
    <Options>None</Options>
    <Pattern />
    <RegexName>PubVolumeContent</RegexName>
  </PubVolumeContent>
  <PubVolumeSplit>
    <FilterPattern />
    <Method>Spilt</Method>
    <Options>None</Options>
    <Pattern>&lt;dt</Pattern>
    <RegexName>PubVolumeSplit</RegexName>
  </PubVolumeSplit>
  <PubVolumeName>
    <FilterPattern />
    <Method>Match</Method>
    <Options>None</Options>
    <Pattern>&gt;(.+?)&lt;/dt&gt;</Pattern>
    <RegexName>PubVolumeName</RegexName>
  </PubVolumeName>
  <PubChapterName>
    <FilterPattern>图</FilterPattern>
    <Method>Match</Method>
    <Options>None</Options>
    <Pattern>&lt;dd&gt;&lt;a href="\d*.html"&gt;(.+?)&lt;/a&gt;&lt;/dd&gt;</Pattern>
    <RegexName>PubChapterName</RegexName>
  </PubChapterName>
  <PubChapter_GetChapterKey>
    <FilterPattern />
    <Method>Match</Method>
    <Options>None</Options>
    <Pattern>&lt;dd&gt;&lt;a href="(\d*).html"&gt;.+?&lt;/a&gt;&lt;/dd&gt;</Pattern>
    <RegexName>PubChapter_GetChapterKey</RegexName>
  </PubChapter_GetChapterKey>
  <PubContentUrl>
    <FilterPattern />
    <Method>Match</Method>
    <Options>None</Options>
    <Pattern>{ChapterKey}.html</Pattern>
    <RegexName>PubContentUrl</RegexName>
  </PubContentUrl>
  <PubContentErr>
    <FilterPattern />
    <Method>Match</Method>
    <Options>None</Options>
    <Pattern>找不到文件或目录</Pattern>
    <RegexName>PubContentErr</RegexName>
  </PubContentErr>
  <PubTextUrl>
    <FilterPattern />
    <Method>Match</Method>
    <Options>None</Options>
    <Pattern />
    <RegexName>PubTextUrl</RegexName>
  </PubTextUrl>
  <PubContentText>
    <FilterPattern>&lt;div.+?&gt;
&lt;/div&gt;
&lt;script&gt;.+?&lt;/script&gt;
无弹窗
&lt;span.+?&lt;/span&gt;
&lt;a.+?&lt;/a&gt;
&lt;a.+?&gt;
&lt;/a&gt;
&amp;larr;
&amp;rarr; 
&lt;center&gt;
&lt;script.+?&lt;/script&gt;
&lt;/center&gt;
www.xstxt.org
&amp;nbsp;
&lt;b&gt;
&lt;/b&gt;</FilterPattern>
    <Method>Match</Method>
    <Options>None</Options>
    <Pattern>&lt;div id="content"&gt;((.|\n)+?)&lt;script&gt;read3</Pattern>
    <RegexName>PubContentText</RegexName>
  </PubContentText>
  <PubContentPageUrl>
    <FilterPattern />
    <Method>Match</Method>
    <Options>None</Options>
    <Pattern />
    <RegexName />
  </PubContentPageUrl>
  <PubContentPageKey>
    <FilterPattern />
    <Method>Match</Method>
    <Options>None</Options>
    <Pattern />
    <RegexName />
  </PubContentPageKey>
  <PubContentReplace>
    <FilterPattern />
    <Method>Match</Method>
    <Options>None</Options>
    <Pattern>（xbiquge.com），您的支持，就是我最大的动力。手机用户请到wap.xbiquge.com阅读。♂</Pattern>
    <RegexName>PubContentReplace</RegexName>
  </PubContentReplace>
  <PubContentChapterName>
    <FilterPattern />
    <Method>Match</Method>
    <Options>None</Options>
    <Pattern />
    <RegexName />
  </PubContentChapterName>
  <PubContentChapterNum>
    <FilterPattern />
    <Method>Match</Method>
    <Options>None</Options>
    <Pattern />
    <RegexName />
  </PubContentChapterNum>
</RuleConfigInfo>