<?xml version="1.0"?>
<RuleConfigInfo xmlns:xsi="http://www.w3.org/2001/XMLSchema-instance" xmlns:xsd="http://www.w3.org/2001/XMLSchema">
  <RuleVersion>
    <FilterPattern />
    <Method>Match</Method>
    <Options>None</Options>
    <Pattern />
    <RegexName>RuleVersion</RegexName>
  </RuleVersion>
  <RuleID>
    <FilterPattern />
    <Method>Match</Method>
    <Options>None</Options>
    <Pattern>2</Pattern>
    <RegexName>RuleID</RegexName>
  </RuleID>
  <GetSiteName>
    <FilterPattern />
    <Method>Match</Method>
    <Options>None</Options>
    <Pattern>东流小说</Pattern>
    <RegexName>GetSiteName</RegexName>
  </GetSiteName>
  <GetSiteCharset>
    <FilterPattern />
    <Method>Match</Method>
    <Options>None</Options>
    <Pattern>UTF-8</Pattern>
    <RegexName>GetSiteCharset</RegexName>
  </GetSiteCharset>
  <GetSiteUrl>
    <FilterPattern />
    <Method>Match</Method>
    <Options>None</Options>
    <Pattern>https://www.dongliuxiaoshuo.com/</Pattern>
    <RegexName>GetSiteUrl</RegexName>
  </GetSiteUrl>
  <NovelSearchUrl>
    <FilterPattern />
    <Method>Match</Method>
    <Options>None</Options>
    <Pattern />
    <RegexName>NovelSearchUrl</RegexName>
  </NovelSearchUrl>
  <NovelSearchData>
    <FilterPattern />
    <Method>Match</Method>
    <Options>None</Options>
    <Pattern />
    <RegexName>NovelSearchData</RegexName>
  </NovelSearchData>
  <NovelSearch_GetNovelKey>
    <FilterPattern />
    <Method>Match</Method>
    <Options>None</Options>
    <Pattern />
    <RegexName>NovelSearch_GetNovelKey</RegexName>
  </NovelSearch_GetNovelKey>
  <NovelListUrl>
    <FilterPattern />
    <Method>Match</Method>
    <Options>None</Options>
    <Pattern>https://www.dongliuxiaoshuo.com/</Pattern>
    <RegexName>NovelListUrl</RegexName>
  </NovelListUrl>
  <NovelList_GetNovelKey>
    <FilterPattern />
    <Method>Match</Method>
    <Options>None</Options>
    <Pattern>&lt;td class="col-md-2 col-sm-6 col-xs-8"&gt;&lt;a href="/book/(.+?).html" title="(.+?)"&gt;.+?&lt;/a&gt;&lt;/td&gt;</Pattern>
    <RegexName>NovelList_GetNovelKey</RegexName>
  </NovelList_GetNovelKey>
  <NovelUrl>
    <FilterPattern />
    <Method>Match</Method>
    <Options>None</Options>
    <Pattern>https://www.dongliuxiaoshuo.com/book/{NovelKey}.html</Pattern>
    <RegexName>NovelUrl</RegexName>
  </NovelUrl>
  <NovelName>
    <FilterPattern>成为克苏鲁这件事</FilterPattern>
    <Method>Match</Method>
    <Options>IgnoreCase Singleline</Options>
    <Pattern>og:novel:book_name" content="(.+?)" /&gt;</Pattern>
    <RegexName>NovelName</RegexName>
  </NovelName>
  <NovelErr>
    <FilterPattern />
    <Method>Match</Method>
    <Options>None</Options>
    <Pattern>对不起，该文章不存在</Pattern>
    <RegexName>NovelErr</RegexName>
  </NovelErr>
  <NovelAuthor>
    <FilterPattern>\s*</FilterPattern>
    <Method>Match</Method>
    <Options>None</Options>
    <Pattern>og:novel:author" content="(.+?)" /&gt;</Pattern>
    <RegexName>NovelAuthor</RegexName>
  </NovelAuthor>
  <LagerSort>
    <FilterPattern />
    <Method>Match</Method>
    <Options>None</Options>
    <Pattern>og:novel:category" content="(.+?)" /&gt;</Pattern>
    <RegexName>LagerSort</RegexName>
  </LagerSort>
  <SmallSort>
    <FilterPattern />
    <Method>Match</Method>
    <Options>None</Options>
    <Pattern>og:novel:category" content="(.+?)" /&gt;</Pattern>
    <RegexName>SmallSort</RegexName>
  </SmallSort>
  <NovelIntro>
    <FilterPattern>各位书友要是觉得《.+?》还不错的话请不要忘记向您QQ群和微博里的朋友推荐哦！&lt;/p&gt;♂
&lt;/p&gt;♂
&amp;amp;gt;♂
/
p&amp;amp;lt;&amp;gt;/p&amp;lt;♂
本站提示：各位书友要是觉得《.+?》还不错的话请不要忘记向您QQ群和微博里的朋友推荐哦！♂
【展开】【收起】.+?♂
p&amp;amp;lt;&amp;gt;p&amp;lt;♂
p&amp;amp;lt;♂
&amp;gt;p&amp;lt;♂
一秒记住本站地址：[飞山中文] https:www.feishanzw.com最快更新♂
...&amp;amp;♂
amp;amp;amp;amp;amp;amp;♂
lt;p&amp;amp;amp;amp;amp;amp;amp;amp;gt;♂
    声明《花豹突击队》作者.+?写的.+?最新章节小说在线阅读，实时同步更新.+?最新章节，书友所发表的.+?最新章节评论，并不代表.+?赞同.+?最新章节或者支持&gt;+?读者阅读的此观点，我们的立场仅限于传播更多读者感兴趣的信息。 如果小说.+?最新章节浏览，或对小说.+?内容、版权等方面有质疑，或对本站有意见建议请到站务管理区发帖，如果发现《.+?》小说最新章节未及时更新请联系我们。如果您喜欢小说.+?,请支持作者到书店购买正版图书。感谢您的合作与支持。
</FilterPattern>
    <Method>Match</Method>
    <Options>None</Options>
    <Pattern>&lt;div class="intro"&gt;简介：((.|\n)+?)&lt;/div&gt;</Pattern>
    <RegexName>NovelIntro</RegexName>
  </NovelIntro>
  <NovelKeyword>
    <FilterPattern />
    <Method>Match</Method>
    <Options>None</Options>
    <Pattern />
    <RegexName>NovelKeyword</RegexName>
  </NovelKeyword>
  <NovelDegree>
    <FilterPattern />
    <Method>Match</Method>
    <Options>None</Options>
    <Pattern>og:novel:status" content="(.+?)" /&gt;</Pattern>
    <RegexName>NovelDegree</RegexName>
  </NovelDegree>
  <NovelCover>
    <FilterPattern />
    <Method>Match</Method>
    <Options>None</Options>
    <Pattern>&lt;img src="(.+?)" alt=".+?" class="img-thumbnail" /&gt;</Pattern>
    <RegexName>NovelCover</RegexName>
  </NovelCover>
  <NovelDefaultCoverUrl>
    <FilterPattern />
    <Method>Match</Method>
    <Options>None</Options>
    <Pattern />
    <RegexName>NovelDefaultCoverUrl</RegexName>
  </NovelDefaultCoverUrl>
  <NovelInfo_GetNovelPubKey>
    <FilterPattern />
    <Method>Match</Method>
    <Options>None</Options>
    <Pattern />
    <RegexName>NovelInfo_GetNovelPubKey</RegexName>
  </NovelInfo_GetNovelPubKey>
  <PubCookies>
    <FilterPattern />
    <Method>Match</Method>
    <Options>None</Options>
    <Pattern />
    <RegexName>PubCookies</RegexName>
  </PubCookies>
  <PubIndexUrl>
    <FilterPattern />
    <Method>Match</Method>
    <Options>None</Options>
    <Pattern>https://www.dongliuxiaoshuo.com/book/{NovelKey}.html</Pattern>
    <RegexName>PubIndexUrl</RegexName>
  </PubIndexUrl>
  <PubIndexErr>
    <FilterPattern />
    <Method>Match</Method>
    <Options>None</Options>
    <Pattern>无法找到该页</Pattern>
    <RegexName>PubIndexErr</RegexName>
  </PubIndexErr>
  <PubVolumeContent>
    <FilterPattern />
    <Method>Match</Method>
    <Options>None</Options>
    <Pattern />
    <RegexName>PubVolumeContent</RegexName>
  </PubVolumeContent>
  <PubVolumeSplit>
    <FilterPattern />
    <Method>Spilt</Method>
    <Options>None</Options>
    <Pattern>&lt;dt</Pattern>
    <RegexName>PubVolumeSplit</RegexName>
  </PubVolumeSplit>
  <PubVolumeName>
    <FilterPattern />
    <Method>Match</Method>
    <Options>None</Options>
    <Pattern>0</Pattern>
    <RegexName>PubVolumeName</RegexName>
  </PubVolumeName>
  <PubChapterName>
    <FilterPattern>&lt;font color=".+?1"&gt;♂
&lt;/font&gt;♂</FilterPattern>
    <Method>Match</Method>
    <Options>None</Options>
    <Pattern>&lt;li class="list-group-item col-lg-3 col-md-3 col-sm-4 col-xs-6 book"&gt;&lt;a href="/book/.+?/\d*.html" title="(.+?)"&gt;</Pattern>
    <RegexName>PubChapterName</RegexName>
  </PubChapterName>
  <PubChapter_GetChapterKey>
    <FilterPattern />
    <Method>Match</Method>
    <Options>None</Options>
    <Pattern>&lt;li class="list-group-item col-lg-3 col-md-3 col-sm-4 col-xs-6 book"&gt;&lt;a href="/book/.+?/(\d*).html" title=".+?"&gt;</Pattern>
    <RegexName>PubChapter_GetChapterKey</RegexName>
  </PubChapter_GetChapterKey>
  <PubContentUrl>
    <FilterPattern />
    <Method>Match</Method>
    <Options>None</Options>
    <Pattern>https://www.dongliuxiaoshuo.com/book/{NovelKey}/{ChapterKey}.html</Pattern>
    <RegexName>PubContentUrl</RegexName>
  </PubContentUrl>
  <PubContentErr>
    <FilterPattern />
    <Method>Match</Method>
    <Options>None</Options>
    <Pattern>无法找到该页</Pattern>
    <RegexName>PubContentErr</RegexName>
  </PubContentErr>
  <PubContent_GetTextKey>
    <FilterPattern />
    <Method>Match</Method>
    <Options>None</Options>
    <Pattern />
    <RegexName>PubContent_GetTextKey</RegexName>
  </PubContent_GetTextKey>
  <PubTextUrl>
    <FilterPattern />
    <Method>Match</Method>
    <Options>None</Options>
    <Pattern />
    <RegexName>PubTextUrl</RegexName>
  </PubTextUrl>
  <PubContentText>
    <FilterPattern>!-- csy:.+? --&lt;br/&gt;♂
&amp;lt;tent&amp;gt;&amp;lt;h1&amp;gt;&amp;lt;/h1&amp;gt;♂
&amp;lt;/p&amp;gt;♂
：。：♂
推荐都市大神.+?新书:♂
一秒记住，精彩小说无弹窗免费阅读！&lt;br /&gt;&lt;br /&gt;&lt;br /&gt;♂</FilterPattern>
    <Method>Match</Method>
    <Options>None</Options>
    <Pattern>&lt;div class="content"&gt;((.|\n)+?)&lt;/div&gt;</Pattern>
    <RegexName>PubContentText</RegexName>
  </PubContentText>
  <PubContentChapterName>
    <FilterPattern />
    <Method>Match</Method>
    <Options>None</Options>
    <Pattern />
    <RegexName>PubContentChapterName</RegexName>
  </PubContentChapterName>
  <PubContentImages>
    <FilterPattern />
    <Method>Match</Method>
    <Options>None</Options>
    <Pattern />
    <RegexName>PubContentImages</RegexName>
  </PubContentImages>
  <PubContentReplace>
    <FilterPattern />
    <Method>Match</Method>
    <Options>None</Options>
    <Pattern>www.+?com|www.*?net|www.*?org|www.*?cc|2k小说阅读网|&lt;strong.+?&lt;/strong&gt;</Pattern>
    <RegexName>PubContentReplace</RegexName>
  </PubContentReplace>
  <PubContentPageArea>
    <FilterPattern />
    <Method>Match</Method>
    <Options>None</Options>
    <Pattern>&lt;a href="/\d*/(\d*_\d*).html"&gt;&lt;span style="color:.+?;line-height:1.5;"&gt;((.|\n)+?)&lt;/span&gt;</Pattern>
    <RegexName>PubContentPageArea</RegexName>
  </PubContentPageArea>
  <PubContentPage>
    <FilterPattern />
    <Method>Match</Method>
    <Options>None</Options>
    <Pattern>https://www.mht.tw/\d*/(\d*_\d*).html</Pattern>
    <RegexName>PubContentPage</RegexName>
  </PubContentPage>
</RuleConfigInfo>