<?xml version="1.0"?>
<RuleConfigInfo xmlns:xsi="http://www.w3.org/2001/XMLSchema-instance" xmlns:xsd="http://www.w3.org/2001/XMLSchema">
  <RuleVersion>
    <FilterPattern />
    <Method>Match</Method>
    <Options>None</Options>
    <Pattern>定制采集规则QQ：3107638214
旺旺地址：https://item.taobao.com/item.htm?_u=ca0cnmc1dd4&amp;id=528583716739
本店自主研发高性能cdn系统，有需要的可以联系本店索取
动态代理ip，有效避免和解决采集ip被封，地址：https://www.inte.net/proxy/proxy.aspx</Pattern>
    <RegexName>RuleVersion</RegexName>
  </RuleVersion>
  <RuleID>
    <FilterPattern />
    <Method>Match</Method>
    <Options>None</Options>
    <Pattern>91</Pattern>
    <RegexName>RuleID</RegexName>
  </RuleID>
  <GetSiteName>
    <FilterPattern />
    <Method>Match</Method>
    <Options>None</Options>
    <Pattern>xbiquge.so</Pattern>
    <RegexName>GetSiteName</RegexName>
  </GetSiteName>
  <GetSiteCharset>
    <FilterPattern />
    <Method>Match</Method>
    <Options>None</Options>
    <Pattern>gbk</Pattern>
    <RegexName>GetSiteCharset</RegexName>
  </GetSiteCharset>
  <GetSiteUrl>
    <FilterPattern />
    <Method>Match</Method>
    <Options>None</Options>
    <Pattern>http://www.xbiquge.so</Pattern>
    <RegexName>GetSiteUrl</RegexName>
  </GetSiteUrl>
  <NovelSearchUrl>
    <FilterPattern />
    <Method>Match</Method>
    <Options>None</Options>
    <Pattern />
    <RegexName>NovelSearchUrl</RegexName>
  </NovelSearchUrl>
  <NovelSearchData>
    <FilterPattern />
    <Method>Match</Method>
    <Options>None</Options>
    <Pattern />
    <RegexName>NovelSearchData</RegexName>
  </NovelSearchData>
  <NovelSearch_GetNovelKey>
    <FilterPattern />
    <Method>Match</Method>
    <Options>None</Options>
    <Pattern />
    <RegexName>NovelSearch_GetNovelKey</RegexName>
  </NovelSearch_GetNovelKey>
  <NovelListUrl>
    <FilterPattern />
    <Method>Match</Method>
    <Options>None</Options>
    <Pattern>https://www.xbiquge.so/</Pattern>
    <RegexName>NovelListUrl</RegexName>
  </NovelListUrl>
  <NovelList_GetNovelKey>
    <FilterPattern />
    <Method>Match</Method>
    <Options>None</Options>
    <Pattern>/book/(\d+)/\d+.html</Pattern>
    <RegexName>NovelList_GetNovelKey</RegexName>
  </NovelList_GetNovelKey>
  <NovelUrl>
    <FilterPattern />
    <Method>Match</Method>
    <Options>None</Options>
    <Pattern>https://www.xbiquge.so/book/{NovelKey}/</Pattern>
    <RegexName>NovelUrl</RegexName>
  </NovelUrl>
  <NovelErr>
    <FilterPattern />
    <Method>Match</Method>
    <Options>None</Options>
    <Pattern>对不起，该文章不存在！</Pattern>
    <RegexName>NovelErr</RegexName>
  </NovelErr>
  <NovelName>
    <FilterPattern />
    <Method>Match</Method>
    <Options>None</Options>
    <Pattern>og:title" content="(.+?)"</Pattern>
    <RegexName>NovelName</RegexName>
  </NovelName>
  <NovelAuthor>
    <FilterPattern>&lt;a.+?&gt;
&lt;/a&gt;
&amp;nbsp;</FilterPattern>
    <Method>Match</Method>
    <Options>None</Options>
    <Pattern>og:novel:author" content="(.+?)"</Pattern>
    <RegexName>NovelAuthor</RegexName>
  </NovelAuthor>
  <LagerSort>
    <FilterPattern>&lt;a.+?&gt;
&lt;/a&gt;
&amp;nbsp;</FilterPattern>
    <Method>Match</Method>
    <Options>None</Options>
    <Pattern>og:novel:category" content="(.+?)"</Pattern>
    <RegexName>LagerSort</RegexName>
  </LagerSort>
  <SmallSort>
    <FilterPattern>&lt;a.+?&gt;
&lt;/a&gt;
&amp;nbsp;</FilterPattern>
    <Method>Match</Method>
    <Options>None</Options>
    <Pattern>og:novel:category" content="(.+?)"</Pattern>
    <RegexName>SmallSort</RegexName>
  </SmallSort>
  <NovelIntro>
    <FilterPattern>&lt;script((.|\n)*?)&lt;/script&gt;
&amp;lt;♂&lt;
&amp;gt;♂&gt;
&lt;a.+?&lt;/a&gt;
&lt;/div&gt;
&lt;/p&gt;</FilterPattern>
    <Method>Match</Method>
    <Options>None</Options>
    <Pattern>&lt;div id="intro"&gt;((.|\n)*?)&lt;/div&gt;</Pattern>
    <RegexName>NovelIntro</RegexName>
  </NovelIntro>
  <NovelKeyword>
    <FilterPattern />
    <Method>Match</Method>
    <Options>None</Options>
    <Pattern>og:title" content="(.+?)"</Pattern>
    <RegexName>NovelKeyword</RegexName>
  </NovelKeyword>
  <NovelDegree>
    <FilterPattern>a♂已完结
b♂连载中</FilterPattern>
    <Method>Match</Method>
    <Options>None</Options>
    <Pattern>og:novel:status" content="(.+?)"</Pattern>
    <RegexName>NovelDegree</RegexName>
  </NovelDegree>
  <NovelCover>
    <FilterPattern />
    <Method>Match</Method>
    <Options>None</Options>
    <Pattern>og:image" content="(.+?)"</Pattern>
    <RegexName>NovelCover</RegexName>
  </NovelCover>
  <NovelDefaultCoverUrl>
    <FilterPattern />
    <Method>Match</Method>
    <Options>None</Options>
    <Pattern>noimg.jpg</Pattern>
    <RegexName>NovelDefaultCoverUrl</RegexName>
  </NovelDefaultCoverUrl>
  <NovelInfo_GetNovelPubKey>
    <FilterPattern />
    <Method>Match</Method>
    <Options>None</Options>
    <Pattern />
    <RegexName>NovelInfo_GetNovelPubKey</RegexName>
  </NovelInfo_GetNovelPubKey>
  <PubCookies>
    <FilterPattern />
    <Method>Match</Method>
    <Options>None</Options>
    <Pattern />
    <RegexName>PubCookies</RegexName>
  </PubCookies>
  <PubIndexUrl>
    <FilterPattern />
    <Method>Match</Method>
    <Options>None</Options>
    <Pattern>https://www.xbiquge.so/book/{NovelKey}/</Pattern>
    <RegexName>PubIndexUrl</RegexName>
  </PubIndexUrl>
  <PubIndexErr>
    <FilterPattern />
    <Method>Match</Method>
    <Options>None</Options>
    <Pattern>获得目录页错误</Pattern>
    <RegexName>PubIndexErr</RegexName>
  </PubIndexErr>
  <PubVolumeContent>
    <FilterPattern>登录书架即可实时查看\)&lt;/dt&gt;([\s\S]*?)&lt;/center&gt;</FilterPattern>
    <Method>Match</Method>
    <Options>None</Options>
    <Pattern>([\s\S]*)</Pattern>
    <RegexName>PubVolumeContent</RegexName>
  </PubVolumeContent>
  <PubVolumeSplit>
    <FilterPattern />
    <Method>Spilt</Method>
    <Options>None</Options>
    <Pattern>&lt;dt&gt;《</Pattern>
    <RegexName>PubVolumeSplit</RegexName>
  </PubVolumeSplit>
  <PubVolumeName>
    <FilterPattern>i♂正文</FilterPattern>
    <Method>Match</Method>
    <Options>None</Options>
    <Pattern>》(.+?)&lt;/dt&gt;</Pattern>
    <RegexName>PubVolumeName</RegexName>
  </PubVolumeName>
  <PubChapterName>
    <FilterPattern>~伪后记~|伪后记</FilterPattern>
    <Method>Match</Method>
    <Options>None</Options>
    <Pattern>&lt;dd&gt;&lt;a href="\d+.html"&gt;(.+?)&lt;/a&gt;</Pattern>
    <RegexName>PubChapterName</RegexName>
  </PubChapterName>
  <PubChapter_GetChapterKey>
    <FilterPattern />
    <Method>Match</Method>
    <Options>None</Options>
    <Pattern>&lt;dd&gt;&lt;a href="(\d+).html"&gt;.+?&lt;/a&gt;</Pattern>
    <RegexName>PubChapter_GetChapterKey</RegexName>
  </PubChapter_GetChapterKey>
  <PubContentUrl>
    <FilterPattern />
    <Method>Match</Method>
    <Options>None</Options>
    <Pattern>https://www.xbiquge.so/book/{NovelKey}/{ChapterKey}.html</Pattern>
    <RegexName>PubContentUrl</RegexName>
  </PubContentUrl>
  <PubContentErr>
    <FilterPattern />
    <Method>Match</Method>
    <Options>None</Options>
    <Pattern>获得章节内容页错误</Pattern>
    <RegexName>PubContentErr</RegexName>
  </PubContentErr>
  <PubContent_GetTextKey>
    <FilterPattern />
    <Method>Match</Method>
    <Options>None</Options>
    <Pattern />
    <RegexName>PubContent_GetTextKey</RegexName>
  </PubContent_GetTextKey>
  <PubTextUrl>
    <FilterPattern />
    <Method>Match</Method>
    <Options>None</Options>
    <Pattern />
    <RegexName>PubTextUrl</RegexName>
  </PubTextUrl>
  <PubContentText>
    <FilterPattern>&lt;span.+?&gt;|&lt;font.+?&gt;|&lt;[Ss][Cc][Rr][Ii][Pp][Tt](.|\n)+?&lt;/[Ss][Cc][Rr][Ii][Pp][Tt]&gt;|&lt;[Ff][Oo][Nn][Tt](.|\n)*?&lt;/[Ff][Oo][Nn][Tt]&gt;|&lt;[Ii][Ff][Rr][Aa][Mm][Ee](.|\n)+?&lt;/[Ii][Ff][Rr][Aa][Mm][Ee]&gt;|&lt;[Aa].+?&lt;/[Aa]&gt;|&lt;[Dd][Ii][Vv].+?&gt;|&lt;/[Dd][Ii][Vv]&gt;|&lt;!--.+?--&gt;|&lt;[Ss&gt;][Pp][Aa][Nn](.|\n)*?&lt;/[Ss&gt;][Pp][Aa][Nn]&gt;|0.{0,10}0.{0,10}小.{0,10}说|&lt;/br&gt;|本書首发于看書罔|未完待续|&lt;/span&gt;|&lt;/&gt;|&lt;/font&gt;|\[\$|妙\]|\[笔|\$|i\]|\[-阁\]|coｍ|\(。\)|U8\?小说|\?．\?|Ｕ\?８\?Ｘ\?Ｓ|\?U\?|8\?小说|Ｕ\?８\?Ｘ|Ｓ\?|\?U8|小说|Ｕ|８|\?Ｘ\s*\?|\?\?U|8小|说\?|Ｘ|Ｓ`|[WwMm]+\.[0-9a-zA-Z]*\.[CcOoMmIiNnEeTtLlAa]{1,6}|手机用户|请浏览|m.114zw.la|阅读|更优质的阅读体验|天才壹秒記住|中文网|』|ф|①|④ω|ｚ|la|呅網|為您|提供精彩|小說閱讀|『|起点读书</FilterPattern>
    <Method>Match</Method>
    <Options>Singleline</Options>
    <Pattern>&lt;br&gt;&lt;br&gt;((.|\n)+?)&lt;/div&gt;</Pattern>
    <RegexName>PubContentText</RegexName>
  </PubContentText>
  <PubContentReplace>
    <FilterPattern />
    <Method>Match</Method>
    <Options>None</Options>
    <Pattern>[WwＷｗωщщψшШ].{0,3}[WwＷｗωщщψшШ].{0,3}[WwＷｗωщщψшШ].{0,3}[0０OoＯｏο].{0,3}[0０OoＯｏο].{0,3}[XxＸｘχ].{0,3}[SsＳｓ].{0,7}[CcＣｃСΓ].{0,3}[0０OoＯｏοó].{0,3}[MmＭｍМ]|[0０OoＯｏο].{0,3}[0０OoＯｏο].{0,3}[XxＸｘχ].{0,3}[SsＳｓ].{0,7}[CcＣｃСΓ].{0,3}[0０OoＯｏοó].{0,3}[MmＭｍМ]|[HhＨΗｈ].{0,3}[TtＴｔ].{0,3}[TtＴｔ].{0,3}[PpＰｐρр]://|[WwＷｗωщщψ].{0,3}[WwＷｗωщщψ].{0,3}[WwＷｗωщщψ]|[WwＷｗωщщψ].{0,3}[AaàＡａαа].{0,3}[PpＰｐρр]|[CcＣｃС].{0,3}[0０OoＯｏο].{0,3}[MmＭｍМ]|[NnＮｎΠ∩η].{0,3}[EeＥｅε].{0,3}[TtＴｔ]|[0０OoＯｏο].{0,3}[RrＲｒ].{0,3}[GgＧｇ]|[CcＣｃС].{0,3}[NnＮｎΠ∩η]</Pattern>
    <RegexName>PubContentReplace</RegexName>
  </PubContentReplace>
  <PubContentImages>
    <FilterPattern />
    <Method>Match</Method>
    <Options>None</Options>
    <Pattern>&lt;[^&lt;]*((?&lt;=&lt;(?:img|IMG)[^&gt;]*(?:(?:src|SRC)(?:\s*=\s*(?:["']?))))(?:[^\s"'&gt;]*)\.(?:jpg|gif|jpeg|bmp|png|GIF|JPG))[^&gt;]*&gt;</Pattern>
    <RegexName>PubContentImages</RegexName>
  </PubContentImages>
  <PubContentTitle>
    <FilterPattern />
    <Method>Match</Method>
    <Options>None</Options>
    <Pattern />
    <RegexName />
  </PubContentTitle>
  <PubContentPage>
    <FilterPattern />
    <Method>Match</Method>
    <Options>None</Options>
    <Pattern />
    <RegexName />
  </PubContentPage>
  <TsContrary>
    <FilterPattern />
    <Method>Match</Method>
    <Options>None</Options>
    <Pattern />
    <RegexName>TsContrary</RegexName>
  </TsContrary>
</RuleConfigInfo>