<?xml version="1.0"?>
<RuleConfigInfo xmlns:xsd="http://www.w3.org/2001/XMLSchema" xmlns:xsi="http://www.w3.org/2001/XMLSchema-instance">
  <RuleVersion>
    <FilterPattern />
    <Method>Match</Method>
    <Options>None</Options>
    <Pattern>888l.cn</Pattern>
    <RegexName>RuleVersion</RegexName>
  </RuleVersion>
  <RuleID>
    <FilterPattern />
    <Method>Match</Method>
    <Options>None</Options>
    <Pattern>888</Pattern>
    <RegexName>RuleID</RegexName>
  </RuleID>
  <GetSiteName>
    <FilterPattern />
    <Method>Match</Method>
    <Options>None</Options>
    <Pattern>xinxs</Pattern>
    <RegexName>GetSiteName</RegexName>
  </GetSiteName>
  <GetSiteCharset>
    <FilterPattern />
    <Method>Match</Method>
    <Options>None</Options>
    <Pattern>utf-8</Pattern>
    <RegexName>GetSiteCharset</RegexName>
  </GetSiteCharset>
  <GetSiteUrl>
    <FilterPattern />
    <Method>Match</Method>
    <Options>None</Options>
    <Pattern>https://www.xinxs.la/</Pattern>
    <RegexName>GetSiteUrl</RegexName>
  </GetSiteUrl>
  <NovelSearchUrl>
    <FilterPattern />
    <Method>Match</Method>
    <Options>None</Options>
    <Pattern />
    <RegexName>NovelSearchUrl</RegexName>
  </NovelSearchUrl>
  <NovelSearchData>
    <FilterPattern />
    <Method>Match</Method>
    <Options>None</Options>
    <Pattern />
    <RegexName>NovelSearchData</RegexName>
  </NovelSearchData>
  <NovelSearch_GetNovelKey>
    <FilterPattern />
    <Method>Match</Method>
    <Options>Singleline</Options>
    <Pattern />
    <RegexName>NovelSearch_GetNovelKey</RegexName>
  </NovelSearch_GetNovelKey>
  <NovelListUrl>
    <FilterPattern />
    <Method>Match</Method>
    <Options>None</Options>
    <Pattern>https://www.xinxs.la/</Pattern>
    <RegexName>NovelListUrl</RegexName>
  </NovelListUrl>
  <NovelListFilter>
    <FilterPattern />
    <Method>Match</Method>
    <Options>None</Options>
    <Pattern />
    <RegexName>NovelListFilter</RegexName>
  </NovelListFilter>
  <NovelList_GetNovelKey>
    <FilterPattern />
    <Method>Match</Method>
    <Options>None</Options>
    <Pattern>&lt;span class="s1"&gt;.+?&lt;/span&gt;[\r\n\s]*?&lt;span[\r\n\s]*?class="s2"&gt;[\r\n\s]*?&lt;a href="/\d*_(\d*)/"[^&gt;]*?&gt;.+?&lt;/a&gt;[\r\n\s]*?&lt;/span&gt;[\r\n\s]*?&lt;span[\r\n\s]*?class="s3"&gt;</Pattern>
    <RegexName>NovelList_GetNovelKey</RegexName>
  </NovelList_GetNovelKey>
  <NovelUrl>
    <FilterPattern />
    <Method>Match</Method>
    <Options>None</Options>
    <Pattern>https://www.xinxs.la/{NovelKey}_{NovelKey}/</Pattern>
    <RegexName>NovelUrl</RegexName>
  </NovelUrl>
  <NovelName>
    <FilterPattern />
    <Method>Match</Method>
    <Options>None</Options>
    <Pattern>&lt;meta property="og:novel:book_name" content="(.+?)"/&gt;</Pattern>
    <RegexName>NovelName</RegexName>
  </NovelName>
  <NovelErr>
    <FilterPattern />
    <Method>Match</Method>
    <Options>None</Options>
    <Pattern>对不起，该文章不存在</Pattern>
    <RegexName>NovelErr</RegexName>
  </NovelErr>
  <NovelAuthor>
    <FilterPattern />
    <Method>Match</Method>
    <Options>None</Options>
    <Pattern>&lt;meta property="og:novel:author" content="(.+?)"/&gt;</Pattern>
    <RegexName>NovelAuthor</RegexName>
  </NovelAuthor>
  <Isboy>
    <FilterPattern />
    <Method>Match</Method>
    <Options>None</Options>
    <Pattern />
    <RegexName>Isboy</RegexName>
  </Isboy>
  <LagerSort>
    <FilterPattern />
    <Method>Match</Method>
    <Options>None</Options>
    <Pattern>&lt;meta property="og:novel:category" content="(.+?)"/&gt;</Pattern>
    <RegexName>LagerSort</RegexName>
  </LagerSort>
  <SmallSort>
    <FilterPattern />
    <Method>Match</Method>
    <Options>None</Options>
    <Pattern>&lt;meta property="og:novel:category" content="(.+?)"/&gt;</Pattern>
    <RegexName>SmallSort</RegexName>
  </SmallSort>
  <NovelIntro>
    <FilterPattern>&lt;/p&gt;
&lt;/td&gt;
&lt;/tr&gt;
&lt;p&gt;</FilterPattern>
    <Method>Match</Method>
    <Options>Singleline</Options>
    <Pattern>&lt;meta property="og:description" content="((.|\n)+?)"/&gt;</Pattern>
    <RegexName>NovelIntro</RegexName>
  </NovelIntro>
  <NovelKeyword>
    <FilterPattern />
    <Method>Match</Method>
    <Options>None</Options>
    <Pattern />
    <RegexName>NovelKeyword</RegexName>
  </NovelKeyword>
  <NovelDegree>
    <FilterPattern />
    <Method>Match</Method>
    <Options>None</Options>
    <Pattern>&lt;meta property="og:novel:status" content="(.+?)"/&gt;</Pattern>
    <RegexName>NovelDegree</RegexName>
  </NovelDegree>
  <NovelCover>
    <FilterPattern />
    <Method>Match</Method>
    <Options>None</Options>
    <Pattern>&lt;meta property="og:image" content="(.+?)"/&gt;</Pattern>
    <RegexName>NovelCover</RegexName>
  </NovelCover>
  <NovelDefaultCoverUrl>
    <FilterPattern />
    <Method>Match</Method>
    <Options>None</Options>
    <Pattern>nocover.jpg</Pattern>
    <RegexName>NovelDefaultCoverUrl</RegexName>
  </NovelDefaultCoverUrl>
  <NovelInfo_GetNovelPubKey>
    <FilterPattern />
    <Method>Match</Method>
    <Options>None</Options>
    <Pattern>&lt;meta property="og:novel:read_url" content="(.+?)"/&gt;</Pattern>
    <RegexName>NovelInfo_GetNovelPubKey</RegexName>
  </NovelInfo_GetNovelPubKey>
  <PubCookies>
    <FilterPattern />
    <Method>Match</Method>
    <Options>None</Options>
    <Pattern />
    <RegexName>PubCookies</RegexName>
  </PubCookies>
  <PubIndexUrl>
    <FilterPattern />
    <Method>Match</Method>
    <Options>None</Options>
    <Pattern>https://www.xinxs.la/{NovelKey}_{NovelKey}/</Pattern>
    <RegexName>PubIndexUrl</RegexName>
  </PubIndexUrl>
  <PubIndexErr>
    <FilterPattern />
    <Method>Match</Method>
    <Options>None</Options>
    <Pattern>无法找到该页</Pattern>
    <RegexName>PubIndexErr</RegexName>
  </PubIndexErr>
  <PubVolumeContent>
    <FilterPattern />
    <Method>Match</Method>
    <Options>None</Options>
    <Pattern />
    <RegexName>PubVolumeContent</RegexName>
  </PubVolumeContent>
  <PubVolumeSplit>
    <FilterPattern />
    <Method>Spilt</Method>
    <Options>None</Options>
    <Pattern>正文&lt;/dt&gt;</Pattern>
    <RegexName>PubVolumeSplit</RegexName>
  </PubVolumeSplit>
  <PubVolumeName>
    <FilterPattern>《》</FilterPattern>
    <Method>Match</Method>
    <Options>Singleline</Options>
    <Pattern>&lt;dt&gt;《(.+?)》&lt;/dt&gt;</Pattern>
    <RegexName>PubVolumeName</RegexName>
  </PubVolumeName>
  <PubChapterName>
    <FilterPattern />
    <Method>Match</Method>
    <Options>None</Options>
    <Pattern>&lt;dd&gt;[\r\n\s]&lt;a.+?href="/\d*_\d*/\d*.html"&gt;(.+?)&lt;/a&gt;&lt;/dd&gt;</Pattern>
    <RegexName>PubChapterName</RegexName>
  </PubChapterName>
  <PubChapter_GetChapterKey>
    <FilterPattern />
    <Method>Match</Method>
    <Options>None</Options>
    <Pattern>&lt;dd&gt;[\r\n\s]+?&lt;a.+?href="/\d*_\d*/(\d*).html"&gt;.+?&lt;/a&gt;&lt;/dd&gt;</Pattern>
    <RegexName>PubChapter_GetChapterKey</RegexName>
  </PubChapter_GetChapterKey>
  <PubContentUrl>
    <FilterPattern />
    <Method>Match</Method>
    <Options>None</Options>
    <Pattern>{ChapterKey}.html</Pattern>
    <RegexName>PubContentUrl</RegexName>
  </PubContentUrl>
  <PubContentErr>
    <FilterPattern />
    <Method>Match</Method>
    <Options>None</Options>
    <Pattern>您访问的页面可能暂时未更新、已更名或已经删除，请稍后访问或马上点此举报：</Pattern>
    <RegexName>PubContentErr</RegexName>
  </PubContentErr>
  <PubContent_GetTextKey>
    <FilterPattern />
    <Method>Match</Method>
    <Options>None</Options>
    <Pattern />
    <RegexName>PubContent_GetTextKey</RegexName>
  </PubContent_GetTextKey>
  <PubTextUrl>
    <FilterPattern />
    <Method>Match</Method>
    <Options>None</Options>
    <Pattern />
    <RegexName>PubTextUrl</RegexName>
  </PubTextUrl>
  <PubContentText>
    <FilterPattern>\s*&lt;script&gt;chaptererror\(\);&lt;/script&gt;
\s*&lt;script&gt;bdshare\(\);&lt;/script&gt;
\s*&lt;script&gt;read3\(\);&lt;/script&gt;
亲~本站域名:
"166小说"
的简写谐音
166xs.com
，很好记哦！
www.166xs.com
好看的小说强烈推荐：
166小说阅读网
166小说
Q|ｑ|Ｑ♂q
W|ｗ|Ｗ♂w
E|ｅ|Ｅ♂e
R|ｒ|Ｒ♂r
T|ｔ|Ｔ♂t
Y|ｙ|Ｙ♂y
U|ｕ|Ｕ♂u
I|ｉ|Ｉ♂i
O|ｏ|Ｏ♂o
P|ｐ|Ｐ♂p
A|ａ|Ａ♂a
S|ｓ|Ｓ♂s
D|ｄ|Ｄ♂d
F|ｆ|Ｆ♂f
G|ｇ|Ｇ♂g
H|ｈ|Ｈ♂h
J|ｊ|Ｊ♂j
K|ｋ|Ｋ♂k
L|ｌ|Ｌ♂l
Z|ｚ|Ｚ♂z
X|ｘ|Ｘ♂x
C|ｃ|Ｃ♂c
V|ｖ|Ｖ♂v
B|ｂ|Ｂ♂b
N|ｎ|Ｎ♂n
M|ｍ|Ｍ♂m
１|①|㈠|⑴|⒈|Ⅰ|ⅰ♂1
２|②|㈡|⑵|⒉|Ⅱ|ⅱ♂2
３|③|㈢|⑶|⒊|Ⅲ|ⅲ♂3
４|④|㈣|⑷|⒋|Ⅳ|ⅳ♂4
５|⑤|㈤|⑸|⒌|Ⅴ|ⅴ♂5
６|ⅵ|Ⅵ|⒍|⑹|㈥|⑥♂6
７|⑦|㈦|⑺|⒎|Ⅶ|ⅶ♂7
８|⑧|㈧|⑻|⒏|Ⅷ|ⅷ♂8
９|ⅸ|Ⅸ|⒐|⑼|㈨|⑨♂9
１０|⑩|㈩|⑽|⒑|Ⅹ|ⅹ♂10
а|ａ♂a
℃|С|с|Ｃ|ｃ♂c
C|℃|С|с|Ｃ|ｃ♂c
D|Ｄ|ｄ♂d
E|Ё|ё|Е|е|Ε|ε|Ｅ|ｅ♂e
F|℉|Ｆ|ｆ♂f
G|ɡ|Ｇ|ｇ♂g
H|Н|н|Η|Ｈ|ｈ♂h
I|ì|í|ī|ǐ|∣|Ⅰ|ⅰ|Ι|ι|Ｉ|ｉ♂i
J|Ｊ|ｊ♂j
K|К|к|Κ|κ|Ｋ|ｋ♂k
L|Ｌ|ｌ♂l
M||М|м|Μ|Ｍ|ｍ♂m
N||ń|ň|∏|∩|И|и|Й|й|Ν|Ｎ|ｎ♂n
O|ò|ó|ō|ǒ|О|о|Ο|ο|Ｏ|ｏ♂o
P|Р|р|Ρ|p|ρ|Ｐ|ｐ|p♂p
Q|Ｑ|ｑ♂q
R|Я|я|Ｒ|ｒ♂r
S|Ｓ|ｓ♂s
T|Т|т|Τ|τ|Ｔ|ｔ♂t
U|ū|ú|ǔ|ù|ǖ|ǘ|ǚ|ǜ|ü|∪|υ|Ｕ|ｕ♂u
V|Ⅴ|∨|ˇ|Ｖ|ｖ♂v
W|ω|w|w|Ｗ|ｗ♂w
X|×|Ⅹ|ⅹ|Х|х|Χ|χ|Ｘ|ｘ♂x
Y|У|у|Ｙ|ｙ♂y
Z|Ζ|Ｚ|ｚ♂z
１|①|⑴|⒈|㈠♂1
２|②|⑵|⒉|㈡♂2
３|③|⑶|⒊|З|з|㈢♂3
４|④|⑷|⒋|㈣♂4
５|⑤|⑸|⒌|㈤♂5
６|⑥|⑹|⒍|б|㈥♂6
７|⑦|⑺|⒎|㈦♂7
８|⑧|⑻|⒏|㈧♂8
９|⑨|⑼|⒐|㈨♂9
０♂0
⑩|⑽|⒑♂10
⑾|⒒♂11
⑿|⒓♂12
⒀|⒔♂13
⒁|⒕♂14
⒂|⒖♂15
⒃|⒗♂16
⒄|⒘♂17
⒅|⒙♂18
⒆|⒚♂19
⒇|⒛♂20
www|[.]|69zw|com|首发|六九中文|阅读最新章节|
奉上今天的更新，顺便给
\『起点\』
33言情|33yq|bl5xs|bl小说网|17shu|ps♂
一起看书网|高速全文字首发|阅读|com♂
笔趣阁|飄天文學♂
飘天文学|piaotian|net♂
\&lt;.+?\&gt;♂&lt;br /&gt;
手机版正式开通
[%]|d7cfd3c4b8f3|[$]|本书|急速更新|[[]|[]]|[￥♀]|八八读书|
www|88|dushu|com|cn|net|la|org|info|cc|co|cm|
&lt;div.+?&gt;
[(]|[*]|[_]|[)~]|[◆]|m|[=]|
\，\。
欢迎广大书友光临阅读，
最新、最快、最火的连载作品尽在！
手机用户请到
⑨八】⑨八】⑨读】⑨书，.2≧3.o↗
~щww~~lā
】9八】9八】9读】9书，2≧3o↗
5v八5v八5v读5v书，●●o
手机无广告 m. 最省流量了。
顶点小说.+?更新最快
顶 点 小 说 Ｘ ２３ Ｕ Ｓ．Ｃ ＯＭ
顶 点 Ｘ ２３ Ｕ Ｓ
Q|ｑ|Ｑ♂q
W|ｗ|Ｗ♂w
E|ｅ|Ｅ♂e
R|ｒ|Ｒ♂r
T|ｔ|Ｔ♂t
Y|ｙ|Ｙ♂y
U|ｕ|Ｕ♂u
I|ｉ|Ｉ♂i
O|ｏ|Ｏ♂o
P|ｐ|Ｐ♂p
A|ａ|Ａ♂a
S|ｓ|Ｓ♂s
D|ｄ|Ｄ♂d
F|ｆ|Ｆ♂f
G|ｇ|Ｇ♂g
H|ｈ|Ｈ♂h
J|ｊ|Ｊ♂j
K|ｋ|Ｋ♂k
L|ｌ|Ｌ♂l
Z|ｚ|Ｚ♂z
X|ｘ|Ｘ♂x
C|ｃ|Ｃ♂c
V|ｖ|Ｖ♂v
B|ｂ|Ｂ♂b
N|ｎ|Ｎ♂n
M|ｍ|Ｍ♂m
１|①|㈠|⑴|⒈|Ⅰ|ⅰ♂1
２|②|㈡|⑵|⒉|Ⅱ|ⅱ♂2
３|③|㈢|⑶|⒊|Ⅲ|ⅲ♂3
４|④|㈣|⑷|⒋|Ⅳ|ⅳ♂4
５|⑤|㈤|⑸|⒌|Ⅴ|ⅴ♂5
６|ⅵ|Ⅵ|⒍|⑹|㈥|⑥♂6
７|⑦|㈦|⑺|⒎|Ⅶ|ⅶ♂7
８|⑧|㈧|⑻|⒏|Ⅷ|ⅷ♂8
９|ⅸ|Ⅸ|⒐|⑼|㈨|⑨♂9
１０|⑩|㈩|⑽|⒑|Ⅹ|ⅹ♂10
а|ａ♂a
℃|С|с|Ｃ|ｃ♂c
C|℃|С|с|Ｃ|ｃ♂c
D|Ｄ|ｄ♂d
E|Ё|ё|Е|е|Ε|ε|Ｅ|ｅ♂e
F|℉|Ｆ|ｆ♂f
G|ɡ|Ｇ|ｇ♂g
H|Н|н|Η|Ｈ|ｈ♂h
I|ì|í|ī|ǐ|∣|Ⅰ|ⅰ|Ι|ι|Ｉ|ｉ♂i
J|Ｊ|ｊ♂j
K|К|к|Κ|κ|Ｋ|ｋ♂k
L|Ｌ|ｌ♂l
M||М|м|Μ|Ｍ|ｍ♂m
N||ń|ň|∏|∩|И|и|Й|й|Ν|Ｎ|ｎ♂n
O|ò|ó|ō|ǒ|О|о|Ο|ο|Ｏ|ｏ♂o
P|Р|р|Ρ|p|ρ|Ｐ|ｐ|p♂p
Q|Ｑ|ｑ♂q
R|Я|я|Ｒ|ｒ♂r
S|Ｓ|ｓ♂s
T|Т|т|Τ|τ|Ｔ|ｔ♂t
U|ū|ú|ǔ|ù|ǖ|ǘ|ǚ|ǜ|ü|∪|υ|Ｕ|ｕ♂u
V|Ⅴ|∨|ˇ|Ｖ|ｖ♂v
W|ω|w|w|Ｗ|ｗ♂w
X|×|Ⅹ|ⅹ|Х|х|Χ|χ|Ｘ|ｘ♂x
Y|У|у|Ｙ|ｙ♂y
Z|Ζ|Ｚ|ｚ♂z
１|①|⑴|⒈|㈠♂1
２|②|⑵|⒉|㈡♂2
３|③|⑶|⒊|З|з|㈢♂3
４|④|⑷|⒋|㈣♂4
５|⑤|⑸|⒌|㈤♂5
６|⑥|⑹|⒍|б|㈥♂6
７|⑦|⑺|⒎|㈦♂7
８|⑧|⑻|⒏|㈧♂8
９|⑨|⑼|⒐|㈨♂9
０♂0
⑩|⑽|⒑♂10
⑾|⒒♂11
⑿|⒓♂12
⒀|⒔♂13
⒁|⒕♂14
⒂|⒖♂15
⒃|⒗♂16
⒄|⒘♂17
⒅|⒙♂18
⒆|⒚♂19
⒇|⒛♂20
天(.{0,10})籁(.{0,10})小(.{0,10})说
2(.{0,10})3(.{0,10})t(.{0,10})x(.{0,10})t
http://|www|[.@#$%^*]|biqudao|com|net|la|cc|co|cm|cn|pw|tw|info|org|me|in|win|vip|top|xyz|us|m|lu|xs|zw|xiaoshuo|zhongwen|w|23txt|天籁小说|[．]|[『]|
正在手打中.+?才能获取最新更新！
&lt;div.+?&lt;/div&gt;|&lt;script.+?&lt;/script&gt;|&lt;/div&gt;|&lt;table&gt;|&lt;table.+?&gt;|&lt;/table&gt;|&lt;label.+?&gt;|&lt;/label&gt;|&lt;div.+?&gt;|&lt;div&gt;|&lt;/div&gt;|&lt;td.+?&gt;|&lt;/td&gt;|&lt;tr&gt;|&lt;/tr&gt;|&lt;a.+?&lt;/a&gt;|&lt;[Aa].+?&lt;/[Aa]&gt;|&lt;a[^&gt;]*&gt;|&lt;a&gt;|&lt;/a&gt;|&lt;FONT.+?&lt;/FONT&gt;|&lt;font.+?&lt;/font&gt;|&lt;font.+?&gt;|&lt;font&gt;|&lt;/font&gt;|&lt;SPAN.+?&lt;/SPAN&gt;|&lt;img.+?&gt;|&lt;script.+?&lt;/script&gt;|&lt;/script&gt;|&lt;script&gt;|&lt;strong[^&gt;]*&gt;|&lt;/strong&gt;|&lt;span[^&gt;]*&gt;|&lt;/span&gt;|&lt;!--.+?--&gt;|&lt;p style[^&gt;]*&gt;|&lt;font[^&gt;]*&gt;|&lt;/font&gt;|&lt;center&gt;|&lt;/center&gt;|&lt;h1&gt;|&lt;/h1&gt;|
&lt;[Ss][Cc][Rr][Ii][Pp][Tt](.|\n)+?&lt;/[Ss][Cc][Rr][Ii][Pp][Tt]&gt;|&lt;[Ff][Oo][Nn][Tt](.|\n)*?&lt;/[Ff][Oo][Nn][Tt]&gt;|&lt;[Ii][Ff][Rr][Aa][Mm][Ee](.|\n)+?&lt;/[Ii][Ff][Rr][Aa][Mm][Ee]&gt;|&lt;[Aa].+?&lt;/[Aa]&gt;|&lt;[Dd][Ii][Vv].+?&gt;|&lt;/[Dd][Ii][Vv]&gt;|&lt;!--.+?--&gt;|&lt;[Ss&gt;][Pp][Aa][Nn](.|\n)*?&lt;/[Ss&gt;][Pp][Aa][Nn]&gt;|
１|①|㈠|⑴|⒈|Ⅰ|ⅰ♂1
２|②|㈡|⑵|⒉|Ⅱ|ⅱ♂2
３|③|㈢|⑶|⒊|Ⅲ|ⅲ♂3
４|④|㈣|⑷|⒋|Ⅳ|ⅳ♂4
５|⑤|㈤|⑸|⒌|Ⅴ|ⅴ♂5
６|ⅵ|Ⅵ|⒍|⑹|㈥|⑥♂6
７|⑦|㈦|⑺|⒎|Ⅶ|ⅶ♂7
８|⑧|㈧|⑻|⒏|Ⅷ|ⅷ♂8
９|ⅸ|Ⅸ|⒐|⑼|㈨|⑨♂9
１０|⑩|㈩|⑽|⒑|Ⅹ|ⅹ♂10
а|ａ♂a
℃|С|с|Ｃ|ｃ♂c
C|℃|С|с|Ｃ|ｃ♂c
D|Ｄ|ｄ♂d
E|Ё|ё|Е|е|Ε|ε|Ｅ|ｅ♂e
F|℉|Ｆ|ｆ♂f
G|ɡ|Ｇ|ｇ♂g
H|Н|н|Η|Ｈ|ｈ♂h
I|ì|í|ī|ǐ|∣|Ⅰ|ⅰ|Ι|ι|Ｉ|ｉ♂i
J|Ｊ|ｊ♂j
K|К|к|Κ|κ|Ｋ|ｋ♂k
L|Ｌ|ｌ♂l
|М|м|Μ|Ｍ|ｍ♂
N||ń|ň|∏|∩|И|и|Й|й|Ν|Ｎ|ｎ♂n
O|ò|ó|ō|ǒ|О|о|Ο|ο|Ｏ|♂
P|Р|р|Ρ|p|ρ|Ｐ|ｐ|p♂p
Q|Ｑ|ｑ♂q
R|Я|я|Ｒ|ｒ♂r
S|Ｓ|ｓ♂s
U|ū|ú|ǔ|ù|ǖ|ǘ|ǚ|ǜ|ü|∪|υ|Ｕ|ｕ♂u
V|Ⅴ|∨|ˇ|Ｖ|ｖ♂v
X|×|Ⅹ|ⅹ|Х|х|Χ|χ|Ｘ|ｘ♂x
Y|У|у|Ｙ|ｙ♂y
Z|Ζ|Ｚ|ｚ♂z
１|①|⑴|⒈|㈠♂1
２|②|⑵|⒉|㈡♂2
３|③|⑶|⒊|З|з|㈢♂3
４|④|⑷|⒋|㈣♂4
５|⑤|⑸|⒌|㈤♂5
６|⑥|⑹|⒍|б|㈥♂6
７|⑦|⑺|⒎|㈦♂7
８|⑧|⑻|⒏|㈧♂8
９|⑨|⑼|⒐|㈨♂9
０♂0
⑩|⑽|⒑♂10
⑾|⒒♂11
⑿|⒓♂12
⒀|⒔♂13
⒁|⒕♂14
⒂|⒖♂15
⒃|⒗♂16
⒄|⒘♂17
⒅|⒙♂18
⒆|⒚♂19
w(.{0,40})m
新笔趣阁
http:|[@#$%^*]|//|www|biqudao|xxbiquge|com|net|la|cc|co|cm|cn|pw|tw|info|org|me|in|win|vip|top|xyz|us|lu|xs|zw|xiaoshuo|zhongwen|biquge|qu|血红小说网|xuehong|wap|so|yun|lai|ge|5du5|siluke|如您已到此章节\，|请移步到|筆趣阁|最新章节\，|也可在百度直接搜索|笔趣閣|或者\，敬请记住我们新的网址|乐天文学|飘天文学|飄天文學|落秋中文|麒麟小说|起点|猫扑中文|三五|飞天中文|看书阁|诺秋|本書首发于|高速全文字首发|33言情|长风书院|為您提供精彩小說閱讀|请大家搜索|一秒记住|猪猪岛|爱去小说网|随梦|半浮生|云来阁|天才壹秒記住|手机用户请到|piaotian|bl5xs|33yq|&lt;a.+?&lt;/a&gt;|&lt;a.+?&gt;|&lt;!--.+?--&gt;|&lt;font.+?&lt;/font&gt;|&lt;font.+?&gt;|&lt;script.+?&lt;/script&gt;|&lt;div.+?&lt;/div&gt;|&lt;div.+?&gt;|&lt;/div&gt;|飞天中文|天才一秒钟记住本网站|&amp;lt;|&amp;gt;|更新最快的小说网站\！|更新最快的小说| ，精彩小说无弹窗免费阅读！| 欢迎广大书友光临阅读，最新、最快、最火的连载作品尽在原创！a| 
&amp;32;|&amp;33;|&amp;34;|&amp;35;|&amp;36;|&amp;37;|&amp;38;|&amp;39;|&amp;40;|&amp;41;|&amp;42;|&amp;43;|&amp;44;|&amp;45;|&amp;46;|&amp;47;|&amp;48;|&amp;49;|&amp;50;|&amp;51;|&amp;52;|&amp;53;|&amp;54;|&amp;55;|&amp;56;|&amp;57;|&amp;58;|&amp;59;|&amp;60;|&amp;61;|&amp;62;|&amp;63;|&amp;64;|&amp;65;|&amp;66;|&amp;67;|&amp;71;|&amp;72;|&amp;73;|&amp;76;|&amp;77;|&amp;78;|&amp;79;|&amp;80;|&amp;81;|&amp;82;|&amp;83;|&amp;84;|&amp;85;|&amp;86;|&amp;87;|&amp;88;|&amp;89;|&amp;90;|&amp;91;|&amp;92;|&amp;93;|&amp;94;|&amp;95;|&amp;96;|&amp;97;|&amp;98;|&amp;99;|&amp;100;|&amp;101;|&amp;102;|&amp;103;|&amp;104;|&amp;105;|&amp;106;|&amp;107|&amp;108;;|&amp;109;|&amp;110;|&amp;111;|&amp;112;|&amp;113;|&amp;114;|&amp;115;|&amp;116;|&amp;117;|&amp;118;|&amp;119;|&amp;120;|&amp;121;|&amp;122;|&amp;215;|&amp;8220;|&amp;8216;|&amp;8217;|&amp;8218;|&amp;8222;|&amp;8226;|&amp;8598;|&amp;8644;|&amp;8649;|&amp;8730;|&amp;8814;|&amp;8815;|&amp;9314;|&amp;9792;|&amp;1097;|&amp;10166;|&amp;12290;|&amp;12304;|&amp;12398;|&amp;12305;|&amp;12354;|&amp;12833;|&amp;12834;|&amp;19968;|&amp;19969;|&amp;19979;|&amp;20070;|&amp;20108;|&amp;20113;|&amp;20316;|&amp;20320;|&amp;20379;|&amp;20813;|&amp;20837;|&amp;20851;|&amp;21147;|&amp;21457;|&amp;22312;|&amp;22320;|&amp;22336;|&amp;23398;|&amp;22552;|&amp;22860;|&amp;23398;|&amp;23450;|&amp;23567;|&amp;23601;|&amp;23627;|&amp;24230;|&amp;24555;|&amp;25110;|&amp;25509;|&amp;25512;|&amp;25628;|&amp;25991;|&amp;26032;|&amp;26356;|&amp;26368;|&amp;26377;|&amp;26412;|&amp;26469;|&amp;26825;|&amp;28857;|&amp;30334;|&amp;30340;|&amp;30452;|&amp;30475;|&amp;31070;|&amp;31283;|&amp;31449;|&amp;31456;|&amp;31958;|&amp;32034;|&amp;32473;|&amp;32773;|&amp;32593;|&amp;33410;|&amp;33457;|&amp;35498;|&amp;33616;|&amp;35775;|&amp;35789;|&amp;35828;|&amp;35835;|&amp;36153;|&amp;36335;|&amp;36733;|&amp;36755;|&amp;38190;|&amp;38307;|&amp;38382;|&amp;38401;|&amp;38405;|&amp;38642;|&amp;38914;|&amp;39029;|&amp;39030;|&amp;39318;|&amp;40670;|&amp;65281;|&amp;65288;|&amp;65292;|&amp;65306;|&amp;65533;|&amp;315|&amp;29256;|&amp;20027;|&amp;27426;|&amp;36814;|&amp;24744;|&amp;65306;|&amp;10;|&amp;25105;|&amp;20204;|&amp;26159;|&amp;65306;|[&amp;;&lt;/&gt;]|
br♂&lt;br /&gt;
nbsp♂&amp;nbsp;
chapter;
258中文阅读网
258小说网
贰伍捌中文
最快更新
一秒小△说§网..】，精彩小说免费阅读！
⊥
△
↖
↗
小说排行榜
▲
∴
◎
☆
→
︽
⊙
∈
△
↗
頂點說
↑
￡
∝
ahref=.fu.
中文网
转载请注明出处：
htt:read8
https
http
www.read8.net
read8.net
read8
无错小说网
天才一秒记住本站地址
一秒记住，精彩小说无弹窗免费阅读！
一秒记住，
精彩小说无弹窗免费阅读！
https://www.mangg.com
www.mangg.com
m.mangg.com
mangg
追书网
中文网
转载请注明出处：
htt:read8
https
http
www.read8.net
read8.net
read8
无错小说网
天才一秒记住本站地址
转载请注明出处：https://www.read8.net
章节错误，点此报送，报送后维护人员会在两分钟内校正章节内容，请耐心等待。
&lt;p style="font-size:16px;"&gt;
章节错误，点此报送
报送后维护人员会在两分钟内校正章节内容，请耐心等待。
来源：
中文网
转载请注明出处：
htt:read8
https
http
www.read8.net
read8.net
read8
无错小说网
天才一秒记住本站地址
天才一秒记住本站地址：[奇快中文网]
https://www.7kzw.com/最快更新！无广告！
章节错误,点此报送(免注册)
报送后维护人员会在两分钟内校正章节内容,请耐心等待。
奇快中文网
7kzw
7kzw.com
m.7kzw.com
&amp;nbsp;&amp;nbsp;&amp;nbsp;&amp;nbsp;天才一秒记住本站地址：[奇快中文网]
天才本站地址：
奇快
天才本站地址：奇快
htt:7k！无广告！
htt:7k！
无广告！
更新最快┏m.read8.net┛
┏m.read8.net┛
m.read8.net
天才一秒记住本站地址：[爱豆看书] 
&amp;nbsp;&amp;nbsp;&amp;nbsp;&amp;nbsp;天才一秒记住本站地址：[爱豆看书]
https://www.26ksw.com/最快更新！无广告！
爱豆看书
爱豆
www.26ksw.com
26ksw.com
m.26ksw.com
26ksw
htt:26ks！
无错小说网
无错小说
http://www.paoshu8.com
www.paoshu8.com
m.paoshu8.com
http://m.paoshu8.com
paoshu8
Ps:书友们，我是素锦，推荐一款免费小说App，支持小说下载、听书、零广告、多种阅读模式。请您关注微信公众号：dazhuzaiyuedu（长按三秒复制）书友们快关注起来吧！ 
dazhuzaiyuedu
请您关注微信公众号：
推荐一款免费小说App
书友们快关注起来吧！
Ps:书友们，我是欧阳风龙，推荐一款免费小说App，支持小说下载、听书、零广告、多种阅读模式。请您关注微信公众号：dazhuzaiyuedu（长按三秒复制）书友们快关注起来吧！
推荐一款免费小说App，支持小说下载、听书、零广告、多种阅读模式。请您关注微信公众号：dazhuzaiyuedu（长按三秒复制）书友们快关注起来吧！
推荐一款免费小说App，
支持小说下载、听书、零广告、多种阅读模式。请您关注微信公众号：dazhuzaiyuedu（长按三秒复制）书友们快关注起来吧！
推荐一款免费小说App，支持小说下载、听书、零广告、多种阅读模式。请您关注微信公众号：dazhuzaiyuedu（长按三秒复制）书友们快关注起来吧！
支持小说下载、听书、零广告、多种阅读模式。
多种阅读模式
请您关注微信公众号：dazhuzaiyuedu
（长按三秒复制）书友们快关注起来吧！
（长按三秒复制）
书友们快关注起来吧！
:书友们
推荐一款免费小说app
支持小说下载、听书、零广告、多种模式。
支持小说下载、
听书、零广告、多种模式。
零广告、多种模式。
零广告
多种模式
支持小说下载
本书首发来自，第一时间看正版内容！
本书首发来自
第一时间看正版内容
www.xs.la
www.biquge.tw
biquge.tw
m.biquge.tw
https://www.xinxs.la/
https://m.xinxs.la/
www.xinxs.la
m.xinxs.la
xinxs.la
xinxs
www.xs.la
m.xs.la
xs.la
xs</FilterPattern>
    <Method>Match</Method>
    <Options>None</Options>
    <Pattern>&lt;div id="content"&gt;((.|\n)+?)&lt;/div&gt;</Pattern>
    <RegexName>PubContentText</RegexName>
  </PubContentText>
  <PubContentPageArea>
    <FilterPattern />
    <Method>Match</Method>
    <Options>None</Options>
    <Pattern />
    <RegexName>PubContentPageArea</RegexName>
  </PubContentPageArea>
  <PubContentPage>
    <FilterPattern />
    <Method>Match</Method>
    <Options>None</Options>
    <Pattern />
    <RegexName>PubContentPage</RegexName>
  </PubContentPage>
  <PubContentPageUrl>
    <FilterPattern />
    <Method>Match</Method>
    <Options>None</Options>
    <Pattern />
    <RegexName>PubContentPageUrl</RegexName>
  </PubContentPageUrl>
  <PubContentPageKey>
    <FilterPattern />
    <Method>Match</Method>
    <Options>None</Options>
    <Pattern />
    <RegexName>PubContentPageKey</RegexName>
  </PubContentPageKey>
  <PubContentChapterName>
    <FilterPattern />
    <Method>Match</Method>
    <Options>None</Options>
    <Pattern />
    <RegexName>PubContentChapterName</RegexName>
  </PubContentChapterName>
  <PubContentChapterNum>
    <FilterPattern />
    <Method>Match</Method>
    <Options>None</Options>
    <Pattern />
    <RegexName>PubContentChapterNum</RegexName>
  </PubContentChapterNum>
  <PubContentImages>
    <FilterPattern />
    <Method>Match</Method>
    <Options>None</Options>
    <Pattern>&lt;[^&lt;]*((?&lt;=&lt;(?:img|IMG)[^&gt;]*(?:(?:src|SRC)(?:\s*=\s*(?:["']?))))(?:[^\s"'&gt;]*)\.(?:jpg|gif|jpeg|bmp|png|GIF|JPG))[^&gt;]*&gt;</Pattern>
    <RegexName>PubContentImages</RegexName>
  </PubContentImages>
  <PubContentReplace>
    <FilterPattern />
    <Method>Match</Method>
    <Options>None</Options>
    <Pattern>&lt;div[^&gt;]*&gt;|&lt;/div&gt;|&lt;a.+?&lt;/a&gt;|&lt;font.+?&lt;/font&gt;</Pattern>
    <RegexName>PubContentReplace</RegexName>
  </PubContentReplace>
</RuleConfigInfo>