<?xml version="1.0"?>
<RuleConfigInfo xmlns:xsi="http://www.w3.org/2001/XMLSchema-instance" xmlns:xsd="http://www.w3.org/2001/XMLSchema">
  <RuleVersion>
    <FilterPattern />
    <Method>Match</Method>
    <Options>None</Options>
    <Pattern>关关规则定制 QQ:2553862166</Pattern>
    <RegexName>RuleVersion</RegexName>
  </RuleVersion>
  <RuleID>
    <FilterPattern />
    <Method>Match</Method>
    <Options>None</Options>
    <Pattern>001</Pattern>
    <RegexName>RuleID</RegexName>
  </RuleID>
  <GetSiteName>
    <FilterPattern />
    <Method>Match</Method>
    <Options>None</Options>
    <Pattern>VIP采集源</Pattern>
    <RegexName>GetSiteName</RegexName>
  </GetSiteName>
  <GetSiteCharset>
    <FilterPattern />
    <Method>Match</Method>
    <Options>None</Options>
    <Pattern>gbk</Pattern>
    <RegexName>GetSiteCharset</RegexName>
  </GetSiteCharset>
  <GetSiteUrl>
    <FilterPattern />
    <Method>Match</Method>
    <Options>None</Options>
    <Pattern>http://104.129.62.166</Pattern>
    <RegexName>GetSiteUrl</RegexName>
  </GetSiteUrl>
  <NovelSearchUrl>
    <FilterPattern />
    <Method>Match</Method>
    <Options>None</Options>
    <Pattern />
    <RegexName>NovelSearchUrl</RegexName>
  </NovelSearchUrl>
  <NovelSearchData>
    <FilterPattern />
    <Method>Match</Method>
    <Options>None</Options>
    <Pattern>?searchkey={SearchKey}&amp;searchtype=articlename</Pattern>
    <RegexName>NovelSearchData</RegexName>
  </NovelSearchData>
  <NovelSearch_GetNovelKey>
    <FilterPattern />
    <Method>Match</Method>
    <Options>None</Options>
    <Pattern>&lt;td class="odd"&gt;&lt;a href="http://www.zzzcn.com/3zinfo-(\d*)/" target="_blank"&gt;{SearchKey}&lt;/a&gt;&lt;/td&gt;</Pattern>
    <RegexName>NovelSearch_GetNovelKey</RegexName>
  </NovelSearch_GetNovelKey>
  <NovelListUrl>
    <FilterPattern />
    <Method>Match</Method>
    <Options>IgnoreCase</Options>
    <Pattern>http://104.129.62.166/modules/article/toplist.php?sort=lastupdate</Pattern>
    <RegexName>NovelListUrl</RegexName>
  </NovelListUrl>
  <NovelListFilter>
    <FilterPattern />
    <Method>Match</Method>
    <Options>None</Options>
    <Pattern />
    <RegexName />
  </NovelListFilter>
  <NovelList_GetNovelKey>
    <FilterPattern />
    <Method>Match</Method>
    <Options>None</Options>
    <Pattern>&lt;td&gt;&lt;a href="http://104.129.62.166/modules/article/articleinfo.php\?id=(\d*)"&gt;(.+?)&lt;/a&gt;&lt;/td&gt;</Pattern>
    <RegexName>NovelList_GetNovelKey</RegexName>
  </NovelList_GetNovelKey>
  <NovelUrl>
    <FilterPattern />
    <Method>Match</Method>
    <Options>IgnoreCase</Options>
    <Pattern>http://104.129.62.166/modules/article/articleinfo.php?id={NovelKey}</Pattern>
    <RegexName>NovelUrl</RegexName>
  </NovelUrl>
  <NovelErr>
    <FilterPattern />
    <Method>Match</Method>
    <Options>None</Options>
    <Pattern>错误原因：对不起，该文章不存在！</Pattern>
    <RegexName>NovelErr</RegexName>
  </NovelErr>
  <NovelName>
    <FilterPattern />
    <Method>Match</Method>
    <Options>None</Options>
    <Pattern>&lt;!--书名--&gt;(.+?)&lt;!--书名--&gt;</Pattern>
    <RegexName>NovelName</RegexName>
  </NovelName>
  <NovelAuthor>
    <FilterPattern />
    <Method>Match</Method>
    <Options>None</Options>
    <Pattern>作者：&lt;\!--作者--&gt;(.+?)&lt;\!--作者--&gt;&lt;/p&gt;</Pattern>
    <RegexName>NovelAuthor</RegexName>
  </NovelAuthor>
  <LagerSort>
    <FilterPattern />
    <Method>Match</Method>
    <Options>None</Options>
    <Pattern>类别：&lt;!--类别--&gt;(.+?)&lt;!--类别--&gt;&lt;/p&gt;</Pattern>
    <RegexName>LagerSort</RegexName>
  </LagerSort>
  <SmallSort>
    <FilterPattern />
    <Method>Match</Method>
    <Options>None</Options>
    <Pattern>类别：&lt;!--类别--&gt;(.+?)&lt;!--类别--&gt;&lt;/p&gt;</Pattern>
    <RegexName>SmallSort</RegexName>
  </SmallSort>
  <NovelIntro>
    <FilterPattern />
    <Method>Match</Method>
    <Options>None</Options>
    <Pattern>&lt;p&gt;&lt;!--简介--&gt;((.|\n)*)&lt;!--简介--&gt;&lt;/p&gt;</Pattern>
    <RegexName>NovelIntro</RegexName>
  </NovelIntro>
  <NovelKeyword>
    <FilterPattern />
    <Method>Match</Method>
    <Options>None</Options>
    <Pattern>&lt;!--书名--&gt;(.+?)&lt;!--书名--&gt;</Pattern>
    <RegexName>NovelKeyword</RegexName>
  </NovelKeyword>
  <NovelDegree>
    <FilterPattern />
    <Method>Match</Method>
    <Options>None</Options>
    <Pattern>状态：&lt;!--状态--&gt;(.+?)&lt;!--状态--&gt;&lt;/p&gt;</Pattern>
    <RegexName>NovelDegree</RegexName>
  </NovelDegree>
  <NovelCover>
    <FilterPattern />
    <Method>Match</Method>
    <Options>None</Options>
    <Pattern>封面：&lt;!--封面--&gt;(.+?)&lt;!--封面--&gt;&lt;/p&gt;</Pattern>
    <RegexName>NovelCover</RegexName>
  </NovelCover>
  <NovelDefaultCoverUrl>
    <FilterPattern />
    <Method>Url</Method>
    <Options>None</Options>
    <Pattern>http://104.129.62.166/modules/article/images/nocover.jpg</Pattern>
    <RegexName>NovelDefaultCoverUrl</RegexName>
  </NovelDefaultCoverUrl>
  <NovelInfo_GetNovelPubKey>
    <FilterPattern />
    <Method>Match</Method>
    <Options>None</Options>
    <Pattern />
    <RegexName>NovelInfo_GetNovelPubKey</RegexName>
  </NovelInfo_GetNovelPubKey>
  <PubCookies>
    <FilterPattern />
    <Method>Match</Method>
    <Options>None</Options>
    <Pattern />
    <RegexName>PubCookies</RegexName>
  </PubCookies>
  <PubIndexUrl>
    <FilterPattern />
    <Method>Match</Method>
    <Options>None</Options>
    <Pattern>http://104.129.62.166/modules/article/reader.php?aid={NovelKey}</Pattern>
    <RegexName>PubIndexUrl</RegexName>
  </PubIndexUrl>
  <PubIndexErr>
    <FilterPattern />
    <Method>Match</Method>
    <Options>None</Options>
    <Pattern>无法找到该页</Pattern>
    <RegexName>PubIndexErr</RegexName>
  </PubIndexErr>
  <PubVolumeContent>
    <FilterPattern />
    <Method>Match</Method>
    <Options>None</Options>
    <Pattern />
    <RegexName>PubVolumeContent</RegexName>
  </PubVolumeContent>
  <PubVolumeSplit>
    <FilterPattern />
    <Method>Spilt</Method>
    <Options>None</Options>
    <Pattern>&lt;div id="readerlist"&gt;</Pattern>
    <RegexName>PubVolumeSplit</RegexName>
  </PubVolumeSplit>
  <PubVolumeName>
    <FilterPattern />
    <Method>Match</Method>
    <Options>None</Options>
    <Pattern />
    <RegexName>PubVolumeName</RegexName>
  </PubVolumeName>
  <PubChapterName>
    <FilterPattern />
    <Method>Match</Method>
    <Options>None</Options>
    <Pattern>&lt;!--书名--&gt;(.+?)&lt;!--书名--&gt;</Pattern>
    <RegexName>PubChapterName</RegexName>
  </PubChapterName>
  <PubChapter_GetChapterKey>
    <FilterPattern />
    <Method>Match</Method>
    <Options>None</Options>
    <Pattern>&lt;p&gt;&lt;!--章节地址--&gt;&lt;a href="http://104.129.62.166/modules/article/reader.php\?aid=\d*&amp;cid=(\d*)"&gt;&lt;!--章节地址--&gt;</Pattern>
    <RegexName>PubChapter_GetChapterKey</RegexName>
  </PubChapter_GetChapterKey>
  <PubContentUrl>
    <FilterPattern />
    <Method>Match</Method>
    <Options>IgnoreCase</Options>
    <Pattern>http://104.129.62.166/modules/article/reader.php?aid={NovelKey}&amp;cid={ChapterKey}</Pattern>
    <RegexName>PubContentUrl</RegexName>
  </PubContentUrl>
  <PubContentErr>
    <FilterPattern />
    <Method>Match</Method>
    <Options>None</Options>
    <Pattern>无法找到该页</Pattern>
    <RegexName>PubContentErr</RegexName>
  </PubContentErr>
  <PubTextUrl>
    <FilterPattern />
    <Method>Match</Method>
    <Options>None</Options>
    <Pattern />
    <RegexName>PubTextUrl</RegexName>
  </PubTextUrl>
  <PubContentText>
    <FilterPattern />
    <Method>Match</Method>
    <Options>None</Options>
    <Pattern>&lt;p class="am-article-lead am-text-sm"&gt;&lt;!--内容--&gt;((.|\n)+?)&lt;!--内容--&gt;&lt;/p&gt;</Pattern>
    <RegexName>PubContentText</RegexName>
  </PubContentText>
  <PubContentPageUrl>
    <FilterPattern />
    <Method>Match</Method>
    <Options>None</Options>
    <Pattern />
    <RegexName />
  </PubContentPageUrl>
  <PubContentPageKey>
    <FilterPattern />
    <Method>Match</Method>
    <Options>None</Options>
    <Pattern />
    <RegexName />
  </PubContentPageKey>
  <PubContentReplace>
    <FilterPattern />
    <Method>Match</Method>
    <Options>IgnoreCase</Options>
    <Pattern />
    <RegexName>PubContentReplace</RegexName>
  </PubContentReplace>
  <PubContentChapterName>
    <FilterPattern />
    <Method>Match</Method>
    <Options>None</Options>
    <Pattern />
    <RegexName>PubContentChapterName</RegexName>
  </PubContentChapterName>
  <PubContentChapterNum>
    <FilterPattern />
    <Method>Match</Method>
    <Options>None</Options>
    <Pattern />
    <RegexName />
  </PubContentChapterNum>
</RuleConfigInfo>