<?xml version="1.0"?>
<TaskConfigInfo xmlns:xsi="http://www.w3.org/2001/XMLSchema-instance" xmlns:xsd="http://www.w3.org/2001/XMLSchema">
  <ReplaceChapterNameOn>false</ReplaceChapterNameOn>
  <ChapterUrlWait>0</ChapterUrlWait>
  <CheckRepeat>true</CheckRepeat>
  <CheckVolume>false</CheckVolume>
  <CompulsoryDeleteChapter>false</CompulsoryDeleteChapter>
  <DelChapter>false</DelChapter>
  <DeleteChapter>false</DeleteChapter>
  <DonnotCollectLastChapterNo>1</DonnotCollectLastChapterNo>
  <GoRepeatChapter>0</GoRepeatChapter>
  <IpStatic>true</IpStatic>
  <IpStaticNum>999</IpStaticNum>
  <IpTimeNum>10</IpTimeNum>
  <EmptyChapter>0</EmptyChapter>
  <EqualsChapter>3</EqualsChapter>
  <FilterChapterName>
    <string>章节</string>
    <string>章节1</string>
    <string>章节2</string>
  </FilterChapterName>
  <FilterContinueChapterName>
    <string>章节11</string>
    <string>章节111</string>
    <string>章节211</string>
  </FilterContinueChapterName>
  <FilterContinueVolume>
    <string>正文</string>
    <string>章节目录</string>
  </FilterContinueVolume>
  <FilterFinish>true</FilterFinish>
  <FilterNovel>
    <string />
  </FilterNovel>
  <FilterNovelType>0</FilterNovelType>
  <FilterVolume>
    <string />
  </FilterVolume>
  <FindMaxChapterNum>10000</FindMaxChapterNum>
  <Finish>false</Finish>
  <GetListUrl>
    <string>http://www.23wx.com/top/lastupdate_1.html</string>
  </GetListUrl>
  <GetOrderMaxId>1000</GetOrderMaxId>
  <GetOrderMinId>100</GetOrderMinId>
  <GetSinceId>
    <string>91484</string>
  </GetSinceId>
  <Hidebook>false</Hidebook>
  <IpUrl>http://www.kuaidaili.com/api/getproxy/?orderid=944197305412434&amp;num=50&amp;port_ex=80&amp;browser=1&amp;protocol=1&amp;method=1&amp;an_an=1&amp;an_ha=1&amp;quality=0&amp;sort=0&amp;dedup=1&amp;format=text&amp;sep=1</IpUrl>
  <ID>A8FEA884-A5C3-4FE4-84A5-3BE26970A41A</ID>
  <IndexUrlWait>0</IndexUrlWait>
  <Interval>3</Interval>
  <Log>true</Log>
  <MinChapterNum>0</MinChapterNum>
  <MinChapterTextLength>50</MinChapterTextLength>
  <NameAndAuthor>true</NameAndAuthor>
  <NewBook>false</NewBook>
  <NoPBar>true</NoPBar>
  <NovelUrlWait>0</NovelUrlWait>
  <OldBook>true</OldBook>
  <OnlyReplaceSort>true</OnlyReplaceSort>
  <OnlyText>true</OnlyText>
  <OrderChapter>0</OrderChapter>
  <OtherEncoding>gb2312</OtherEncoding>
  <OtherListUrl>http://www.qidian.com/Book/NewVipBookChapterList.aspx</OtherListUrl>
  <OtherRegex>bs\[\d*\] = new Book\('\d*','(.+?)','\d*'</OtherRegex>
  <ProhibitionVolume>true</ProhibitionVolume>
  <Proxy>false</Proxy>
  <NovelListUrlProxy>false</NovelListUrlProxy>
  <NovelUrlProxy>false</NovelUrlProxy>
  <PubIndexUrlProxy>false</PubIndexUrlProxy>
  <PubContentUrlProxy>false</PubContentUrlProxy>
  <ProxyHost>115.218.121.18</ProxyHost>
  <ProxyPort>9000</ProxyPort>
  <PutOrderMaxId>0</PutOrderMaxId>
  <PutOrderMinId>57440</PutOrderMinId>
  <PutSinceId>
    <string />
  </PutSinceId>
  <RadioBy>GetListUrl</RadioBy>
  <RepeatChapter>0</RepeatChapter>
  <RepeatChapterHandle>0</RepeatChapterHandle>
  <ReplaceChapter>true</ReplaceChapter>
  <ReplaceChapterNun>2</ReplaceChapterNun>
  <ReplaceFullflag>true</ReplaceFullflag>
  <ReplaceImgflag>true</ReplaceImgflag>
  <ReplaceIntro>true</ReplaceIntro>
  <ReplaceSort>true</ReplaceSort>
  <ReplaceSortId>0</ReplaceSortId>
  <RuleFile>Rules\23wx1.xml</RuleFile>
  <StrongReplaceFullflag>false</StrongReplaceFullflag>
  <StrongReplaceImgflag>false</StrongReplaceImgflag>
  <StrongReplaceIntro>false</StrongReplaceIntro>
  <Timing>true</Timing>
  <Typesetting>true</Typesetting>
  <UpdateDefault>false</UpdateDefault>
</TaskConfigInfo>